clouds,datetime,dewpt,dhi,dni,ghi,max_dhi,max_dni,max_ghi,max_temp,max_temp_ts,max_uv,max_wind_dir,max_wind_spd,max_wind_spd_ts,min_temp,min_temp_ts,precip,precip_gpm,pres,revision_status,rh,slp,snow,snow_depth,solar_rad,t_dhi,t_dni,t_ghi,t_solar_rad,temp,ts,wind_dir,wind_gust_spd,wind_spd
58,2024-01-01,-3.9,30,260,131,100,828,533,5.2,1704139200,2,233,4,1704124800,0,1704110400,0,0,1009,final,62,1027,0,,110,728,6241,3140,2650,2.7,1704088800,233,9.2,2.7
74,2024-01-02,-3.4,30,260,131,100,829,535,7.4,1704229200,1.1,180,2,1704211200,-2.6,1704196800,0,0,1009,final,68,1027,0,,45,730,6251,3152,1088,2.1,1704175200,180,4,1.2
73,2024-01-03,-2.8,30,261,132,100,829,536,6.7,1704315600,1,177,1.6,1704319200,-1.9,1704272400,0,0,1004,final,75,1021,0,,37,731,6262,3165,882,1.3,1704261600,177,3.2,1.1
18,2024-01-04,-2.8,31,261,132,100,830,538,6.3,1704398400,3.1,73,3.6,1704384000,-1.5,1704366000,0,0,1007,final,76,1025,0,,118,733,6274,3179,2823,1.3,1704348000,73,8.8,2.6
98,2024-01-05,-1.6,31,262,133,100,831,540,7.8,1704481200,1,95,4.4,1704502800,-2.6,1704456000,0.5,0.5,1001,final,74,1019,0,,34,734,6286,3194,814,2.7,1704434400,95,10,3.1
100,2024-01-06,4.1,31,262,134,101,832,542,7.4,1704556800,1,244,3.6,1704556800,5.2,1704585600,0.8,0.8,992,final,89,1009,0,,25,736,6299,3209,604,5.8,1704520800,244,9.2,2.5
31,2024-01-07,0,31,263,134,101,833,544,10.7,1704657600,2.8,221,4.4,1704621600,0.4,1704690000,0,0,1002,final,69,1020,0,,130,738,6312,3226,3111,5.7,1704607200,221,10.8,2.6
61,2024-01-08,0.3,31,264,135,101,834,547,10.7,1704744000,1.8,130,6.8,1704772800,-0.4,1704708000,14.8,14.8,998,final,73,1016,0,,81,740,6326,3244,1940,5.4,1704693600,130,28.4,4.9
95,2024-01-09,3.1,31,264,136,101,835,549,10,1704783600,1.5,218,8.4,1704837600,3.3,1704862800,7.3,7.3,981,final,80,998,0,,67,742,6341,3263,1618,6.4,1704780000,218,26.8,6.2
13,2024-01-10,-2.6,31,265,137,101,836,551,9.6,1704920400,3.1,219,5.6,1704913200,0.4,1704891600,0,0,993,final,62,1010,0,,135,744,6356,3283,3232,4.4,1704866400,219,12.8,3.7
20,2024-01-11,3.2,31,265,138,102,837,554,16.7,1705003200,3.3,170,6.4,1705035600,3.3,1704978000,0,0,995,final,64,1012,0,,133,747,6372,3303,3202,10,1704952800,170,13.2,3.6
79,2024-01-12,4.5,31,266,139,102,838,557,14.4,1705089600,2.9,214,8.4,1705100400,-0.7,1705122000,10,10,984,final,71,1001,0,,88,751,6389,3325,2106,9.7,1705039200,214,25.2,6.9
16,2024-01-13,-5.8,31,267,139,102,839,560,6.7,1705179600,3.3,246,5.2,1705129200,-2.6,1705150800,0,0,998,final,60,1016,0,,139,755,6408,3348,3348,1.3,1705125600,246,13.2,3.1
59,2024-01-14,-10.5,32,268,140,102,840,563,0.7,1705222800,1.6,298,4,1705237200,-7.4,1705291200,7,7,1007,final,62,1025,129.5,,60,759,6431,3372,1450,-4.1,1705212000,298,9.2,3.1
98,2024-01-15,-12,32,269,142,102,842,566,-7.8,1705298400,1.1,163,3.2,1705377600,-11.9,1705381200,11.3,11.3,1007,final,84,1025,257.5,44,29,763,6456,3397,702,-9.8,1705298400,163,7.6,3.2
43,2024-01-16,-17,32,270,143,103,843,569,-5.9,1705435200,3.4,318,4.8,1705413600,-13,1705467600,0,0,1009,final,58,1028,0,107,129,767,6483,3423,3086,-10.2,1705384800,318,11.2,3.3
0,2024-01-17,-17.1,32,271,144,103,844,572,0.7,1705521600,3.4,196,3.6,1705514400,-14.4,1705492800,0,0,1009,final,47,1028,0,144,144,771,6512,3450,3450,-6.7,1705471200,196,8.8,2.6
68,2024-01-18,-6.1,32,273,145,103,845,576,1.5,1705622400,1.1,199,4.4,1705593600,-3.7,1705561200,0,0,1001,final,70,1018,0,130,29,775,6543,3478,695,-0.7,1705557600,199,8.4,3.1
39,2024-01-19,-8.4,32,274,146,103,847,579,0.7,1705644000,3.5,323,5.2,1705680000,-6.3,1705726800,0,0,1009,final,67,1027,0,122,113,779,6574,3507,2704,-2.4,1705644000,323,12.8,3.8
2,2024-01-20,-17.1,33,275,147,104,848,583,-5.2,1705784400,3.5,212,4,1705777200,-11.1,1705755600,0,0,1018,final,50,1037,0,115,147,783,6607,3536,3530,-8.5,1705730400,212,9.2,3
29,2024-01-21,-15.2,33,277,149,104,850,586,2.2,1705867200,2.2,94,3.2,1705852800,-13,1705831200,0,0,1018,final,48,1037,0,110,95,787,6639,3567,2283,-5.2,1705816800,94,7.6,2.3
73,2024-01-22,-8.4,33,278,150,104,851,590,11.1,1705953600,2.4,150,5.2,1705939200,-2.2,1705903200,0,0,1012,final,41,1030,0,105,76,791,6673,3599,1822,4.5,1705903200,150,10,3.6
100,2024-01-23,9,33,279,151,104,852,594,13,1706043600,1.1,149,6,1706032800,7.8,1705989600,4.3,4.3,1006,final,90,1023,0,3,16,796,6707,3631,381,10.7,1705989600,149,11.6,4.7
100,2024-01-24,14.1,33,281,153,105,854,598,15.9,1706133600,1.1,169,6,1706083200,12.6,1706076000,25.8,25.8,1002,final,97,1018,0,,15,800,6741,3665,366,14.5,1706076000,169,13.6,3.7
100,2024-01-25,13.6,34,282,154,105,855,602,16.3,1706227200,1.1,160,3.2,1706209200,11.9,1706180400,13.8,13.8,999,final,98,1016,0,,15,805,6775,3699,370,13.8,1706162400,160,8,2
100,2024-01-26,11.5,34,284,156,105,857,606,17.4,1706299200,1.2,189,3.6,1706302800,9.6,1706324400,0,0,1003,final,91,1020,0,,32,810,6809,3734,761,13.1,1706248800,189,6,1.7
99,2024-01-27,8.5,34,285,157,105,858,610,14.8,1706378400,1.4,159,7.2,1706385600,5.6,1706410800,13.3,13.3,997,final,96,1014,0,,33,816,6844,3770,795,9.1,1706335200,159,15.6,4.7
98,2024-01-28,3.8,34,287,159,106,860,615,6.3,1706472000,1.2,298,5.6,1706428800,4.4,1706493600,0,0,1005,final,89,1022,0,,31,821,6881,3806,743,5.6,1706421600,298,12.4,4.1
42,2024-01-29,0.9,34,288,160,106,861,619,8.5,1706565600,3.9,271,2.8,1706508000,-1.1,1706590800,0,0,1008,final,82,1025,0,,127,827,6919,3844,3059,3.9,1706508000,271,6.4,1.7
5,2024-01-30,2.7,35,290,162,106,863,623,16.3,1706641200,3.9,207,4,1706641200,-0.7,1706608800,0,0,1001,final,77,1018,0,,161,832,6958,3882,3860,6.9,1706594400,207,9.6,3.1
9,2024-01-31,0.7,35,292,163,107,864,628,11.5,1706734800,3.7,193,3.2,1706716800,0.7,1706763600,0,0,1005,final,75,1023,0,,163,838,6998,3921,3914,5.3,1706680800,193,7.6,2.1
67,2024-02-01,1,35,293,165,107,866,632,14.4,1706821200,1.3,196,3.2,1706806800,-2.2,1706788800,0,0,1003,final,74,1020,0,,47,843,7039,3961,1124,6,1706767200,196,5.6,1.9
15,2024-02-02,5.2,35,295,167,107,867,637,21.5,1706907600,3.6,192,2.8,1706896800,2.6,1706864400,0,0,998,final,71,1015,0,,166,849,7081,4002,3994,11.1,1706853600,192,4.4,1.3
78,2024-02-03,5.8,36,297,168,107,869,642,21.9,1706994000,2.2,105,4.4,1707015600,4.4,1706961600,0.8,0.8,994,final,68,1011,0,,89,854,7123,4043,2128,12.6,1706940000,105,9.2,3
100,2024-02-04,6.5,36,299,170,108,870,646,13.3,1707026400,1.3,138,4.4,1707040800,7,1707098400,33.8,33.8,990,final,88,1007,0,,19,860,7167,4085,464,8.6,1707026400,138,9.6,3.7
15,2024-02-05,2.1,36,300,172,108,872,651,17.4,1707166800,4.2,110,4.4,1707166800,5.2,1707134400,0,0,995,final,60,1012,0,,172,865,7210,4128,4128,10.1,1707112800,110,9.2,3.7
2,2024-02-06,0.1,36,302,174,108,873,656,17,1707253200,4.3,155,3.2,1707246000,1.9,1707224400,0,0,1002,final,58,1020,0,,174,871,7254,4171,4171,8.7,1707199200,155,7.6,2.7
65,2024-02-07,1.4,37,304,176,109,875,661,19.6,1707336000,2.3,140,4.4,1707339600,0.7,1707307200,0,0,1004,final,61,1021,0,,90,876,7298,4215,2156,10.1,1707285600,140,8,2.8
93,2024-02-08,4.6,37,306,177,109,876,666,16.7,1707415200,2.7,174,5.6,1707411600,9.6,1707386400,0,0,1002,final,55,1019,0,,80,882,7343,4259,1910,13.3,1707372000,174,13.2,4.6
100,2024-02-09,13.5,37,308,179,109,878,671,16.3,1707512400,1.4,193,4.8,1707458400,13,1707480000,13,13,999,final,90,1016,0,,18,887,7387,4305,432,15.3,1707458400,193,11.2,3.6
100,2024-02-10,13.3,37,310,181,110,879,676,16.7,1707548400,1.4,143,4.4,1707624000,10.4,1707627600,45.8,45.8,997,final,96,1014,0,,18,893,7431,4350,435,14,1707544800,143,9.6,2.9
100,2024-02-11,9.2,37,311,183,110,881,681,13.3,1707710400,1.4,51,3.6,1707656400,8.1,1707663600,2.8,2.8,995,final,93,1012,0,,34,898,7475,4396,823,10.4,1707631200,51,8,2.8
96,2024-02-12,7.6,38,313,185,110,882,686,11.1,1707717600,1.4,149,6,1707786000,2.2,1707793200,7.8,7.8,990,final,97,1008,0,,20,904,7518,4443,480,8,1707717600,149,13.2,3.6
1,2024-02-13,0.9,38,315,187,110,884,691,12.6,1707858000,4.7,283,3.6,1707804000,0.7,1707825600,0,0,1003,final,75,1020,0,,187,909,7561,4490,4490,5.8,1707804000,283,8.8,2
3,2024-02-14,1.3,38,317,189,111,885,696,18.1,1707944400,4.7,198,3.6,1707940800,-0.7,1707912000,0,0,1005,final,67,1023,0,,189,915,7604,4538,4538,8.4,1707890400,198,5.6,2.1
45,2024-02-15,4.9,38,319,191,111,887,702,20.4,1708030800,4.5,240,3.6,1708016400,4.1,1707987600,0,0,1003,final,66,1020,0,,170,920,7647,4586,4082,11.7,1707976800,240,9.2,2.9
100,2024-02-16,7.1,39,320,193,111,888,707,19.6,1708113600,1.5,201,6.4,1708131600,2.6,1708146000,0.3,0.3,998,final,80,1015,0,,50,926,7689,4634,1208,10.6,1708063200,201,15.6,4
98,2024-02-17,-7.7,39,322,195,112,890,712,3.3,1708203600,1.5,281,5.6,1708156800,-3,1708232400,0,0,1006,final,57,1024,0,,50,931,7731,4683,1199,0.2,1708149600,281,14,4.1
2,2024-02-18,-8.9,39,324,197,112,891,717,9.3,1708293600,5,245,2,1708293600,-5.2,1708257600,0,0,1005,final,49,1022,0,,197,936,7772,4732,4732,1.6,1708236000,245,6.8,1.5
2,2024-02-19,-4.7,39,326,199,112,892,722,14.4,1708376400,5,216,2.8,1708380000,-3,1708344000,0,0,1005,final,54,1022,0,,199,941,7812,4781,4781,5.4,1708322400,216,4.8,1.8
18,2024-02-20,-0.5,39,327,201,113,894,728,18.5,1708462800,5.1,182,2.8,1708459200,2.6,1708416000,0,0,1006,final,55,1023,0,,201,947,7852,4831,4831,9.8,1708408800,182,5.2,1.6
51,2024-02-21,5.3,40,329,203,113,895,733,23,1708545600,1.6,176,5.6,1708542000,3.7,1708513200,0,0,1002,final,60,1019,0,,64,952,7892,4880,1544,13.8,1708495200,176,12.8,4.3
82,2024-02-22,11.6,40,330,205,113,896,738,17.8,1708639200,1.6,215,6,1708628400,13.7,1708664400,6.8,6.8,992,final,78,1009,0,,54,957,7930,4931,1296,15.5,1708581600,215,14,4.4
17,2024-02-23,4.9,40,332,208,113,898,743,18.1,1708714800,4.8,301,5.6,1708722000,8.1,1708750800,0,0,993,final,64,1010,0,,207,962,7969,4981,4970,12.9,1708668000,301,13.6,3.5
5,2024-02-24,-0.5,40,334,210,114,899,749,13.7,1708801200,5.1,283,4.8,1708797600,3,1708837200,0,0,999,final,52,1016,0,,210,967,8006,5031,5030,9.2,1708754400,283,12,3.4
25,2024-02-25,0.5,41,335,212,114,900,754,22.2,1708894800,4.2,177,6,1708873200,1.5,1708848000,0,0,1000,final,51,1017,0,,178,972,8043,5082,4282,12,1708840800,177,14,4.5
44,2024-02-26,9.4,41,337,214,114,902,759,23,1708981200,4.6,195,6.4,1708977600,12.6,1708941600,0,0,996,final,57,1012,0,,166,977,8080,5132,3993,18.3,1708927200,195,13.6,4.8
92,2024-02-27,14.7,41,338,216,115,903,764,25.2,1709064000,1.9,197,8,1709089200,17.8,1709035200,0.3,0.3,989,final,66,1005,0,,74,982,8115,5183,1773,21.5,1709013600,197,18,6.3
91,2024-02-28,2.7,41,340,218,115,904,770,22.6,1709100000,4.2,272,6.8,1709146800,3.3,1709182800,12.8,12.8,1001,final,54,1018,0,,120,987,8150,5234,2873,12.2,1709100000,272,18.8,5
98,2024-02-29,-7.1,41,341,220,115,905,775,9.6,1709236800,1.9,63,3.6,1709236800,0.4,1709208000,0.5,0.5,1013,final,43,1031,0,,59,991,8185,5285,1409,5.4,1709186400,63,8.8,2.7
98,2024-03-01,5.7,42,342,222,115,906,780,9.3,1709352000,2,153,4,1709272800,5.2,1709287200,0.8,0.8,1005,final,88,1022,0,,25,996,8219,5336,604,7.7,1709272800,153,7.6,2
52,2024-03-02,8.3,42,344,224,116,908,785,17.4,1709416800,5,181,3.2,1709413200,8.1,1709442000,0,0,1003,final,84,1020,0,,135,1001,8252,5387,3243,11.1,1709359200,181,5.2,1.5
49,2024-03-03,12.4,42,345,227,116,909,790,21.5,1709503200,3.4,167,4.4,1709506800,7.4,1709449200,0,0,1000,final,90,1017,0,,150,1005,8284,5438,3596,14.2,1709445600,167,10,3.5
62,2024-03-04,15.5,42,347,229,116,910,795,25.2,1709586000,4,157,4.8,1709586000,13.7,1709553600,0,0,999,final,81,1016,0,,159,1010,8316,5489,3818,19.2,1709532000,157,12,3.7
100,2024-03-05,15.8,42,348,231,116,911,800,19.6,1709665200,2.1,137,3.6,1709618400,14.8,1709697600,42,42,996,final,89,1012,0,,43,1015,8347,5539,1039,17.6,1709618400,137,9.6,2.4
96,2024-03-06,13.3,42,349,233,117,912,805,18.1,1709744400,2.1,250,4.8,1709726400,12.2,1709784000,0,0,996,final,90,1013,0,,49,1019,8378,5590,1188,15.1,1709704800,250,10,2.6
94,2024-03-07,11.8,43,350,235,117,913,810,20.7,1709845200,2.1,119,2.8,1709827200,10.7,1709812800,0,0,997,final,79,1014,0,,58,1023,8408,5641,1388,15.7,1709791200,119,6.8,1.9
95,2024-03-08,12.7,43,352,237,117,914,815,19.6,1709920800,5.8,169,6.4,1709924400,14.1,1709953200,4.5,4.5,994,final,80,1011,0,,84,1028,8437,5691,2027,16.3,1709877600,169,15.2,3.4
86,2024-03-09,8.3,43,353,239,117,915,820,15.2,1709978400,2.2,319,4.4,1710018000,4.4,1710046800,2,2,997,final,87,1014,0,,54,1032,8466,5741,1300,10.4,1709964000,319,10.8,3.4
14,2024-03-10,-2.6,45,369,252,118,916,825,14.1,1710104400,7,323,4,1710104400,1.5,1710072000,0,0,1005,final,54,1022,0,,252,1036,8494,5791,5791,7.5,1710050400,323,10,2.8
36,2024-03-11,-2.1,43,355,243,118,917,830,18.5,1710190800,4.4,140,2.8,1710198000,-0.7,1710158400,0,0,1007,final,54,1025,0,,187,1040,8521,5841,4482,8.8,1710133200,140,5.2,1.7
22,2024-03-12,1.1,44,356,245,118,918,835,22.6,1710273600,7,198,3.2,1710270000,2.6,1710241200,0,0,1002,final,53,1019,0,,210,1044,8548,5890,5035,12.2,1710219600,198,8,2.5
23,2024-03-13,9.7,44,357,247,118,919,840,25.6,1710360000,6.3,187,4,1710367200,8.9,1710316800,0,0,997,final,63,1014,0,,243,1048,8574,5940,5832,17.3,1710306000,187,10.8,3.4
54,2024-03-14,15.9,44,358,250,118,919,844,26.7,1710446400,4.7,184,4.4,1710446400,16.3,1710417600,25.3,25.3,998,final,75,1014,0,,164,1053,8600,5989,3937,20.7,1710392400,184,12.4,3.8
98,2024-03-15,14.7,44,359,252,119,920,849,18.1,1710478800,2.3,257,4.8,1710518400,12.2,1710561600,35,35,999,final,94,1016,0,,25,1058,8625,6038,604,15.7,1710478800,257,11.2,3
72,2024-03-16,7.2,44,360,254,119,921,854,18.9,1710622800,4,191,3.2,1710565200,7,1710586800,0,0,999,final,72,1016,0,,159,1063,8651,6086,3815,12.8,1710565200,191,6.8,2
76,2024-03-17,4.8,45,362,256,119,922,858,16.7,1710712800,2.4,256,3.6,1710687600,8.9,1710734400,2.3,2.3,997,final,59,1014,0,,88,1069,8679,6135,2109,13.5,1710651600,256,8.8,2.8
34,2024-03-18,-5.1,45,363,258,119,923,863,7.8,1710738000,5.6,271,6.4,1710792000,2.6,1710820800,0,0,1004,final,48,1021,0,,200,1074,8709,6183,4794,5.5,1710738000,271,15.6,4.1
0,2024-03-19,-4.9,45,364,260,120,923,867,14.8,1710882000,7.7,214,4.8,1710885600,-3.3,1710846000,0,0,1003,final,51,1021,0,,260,1079,8739,6231,6231,6.3,1710824400,214,10.8,2.9
7,2024-03-20,2.8,45,365,262,120,924,872,23.7,1710968400,7.8,234,4,1710972000,5.9,1710936000,0,0,999,final,48,1016,0,,262,1086,8771,6279,6279,14.5,1710910800,234,6.8,2.9
71,2024-03-21,2.6,46,367,264,120,925,876,21.9,1711047600,3.8,77,3.6,1711033200,7.8,1711018800,0,0,1001,final,45,1018,0,,128,1093,8808,6328,3070,14.9,1710997200,77,6.4,2.6
96,2024-03-22,9.6,46,369,266,120,925,880,18.9,1711123200,2.5,107,3.2,1711152000,12.6,1711105200,18.5,18.5,995,final,72,1012,0,,68,1100,8850,6376,1629,15.1,1711083600,107,6.8,2.5
28,2024-03-23,3.8,46,371,268,120,926,885,14.8,1711224000,8,127,6,1711202400,7,1711195200,0.3,0.3,1000,final,65,1018,0,,268,1107,8897,6424,6423,10.8,1711170000,127,13.6,4.4
63,2024-03-24,0.5,46,373,270,120,927,889,19.6,1711314000,7.1,109,4.8,1711321200,3.7,1711278000,0,0,998,final,49,1015,0,,150,1114,8945,6473,3598,11.6,1711256400,109,12,3.5
96,2024-03-25,8.6,47,375,272,121,927,893,19.3,1711400400,2.5,147,9.2,1711422000,15.2,1711342800,19.1,19.1,992,final,59,1009,0,,69,1120,8994,6521,1661,16.8,1711342800,147,26.8,6.4
50,2024-03-26,10.4,47,377,274,121,928,897,18.9,1711486800,7.2,221,7.2,1711468800,9.3,1711512000,12,12,992,final,75,1008,0,,220,1126,9043,6569,5288,15.3,1711429200,221,19.2,4.4
28,2024-03-27,1.1,47,379,276,121,928,901,15.2,1711576800,5.7,175,3.6,1711569600,4.1,1711537200,0,0,1002,final,59,1019,0,,237,1132,9091,6617,5690,9.5,1711515600,175,9.2,2.7
11,2024-03-28,0.4,47,381,278,121,929,905,18.5,1711659600,8.4,172,2.8,1711634400,3.3,1711623600,0,0,1005,final,53,1023,0,,278,1138,9139,6664,6664,10.9,1711602000,172,6.4,2.1
19,2024-03-29,1.8,48,383,280,121,929,909,22.6,1711746000,7.9,197,4,1711746000,3.7,1711710000,0,0,1003,final,52,1020,0,,278,1144,9186,6712,6681,13.6,1711688400,197,8.4,2.7
31,2024-03-30,9.1,48,385,282,121,930,912,25.9,1711836000,8.5,210,4.8,1711832400,12.6,1711785600,0,0,999,final,55,1015,0,,256,1149,9231,6758,6147,18.4,1711774800,210,11.6,3.8
94,2024-03-31,13.8,48,386,284,122,930,916,25.2,1711922400,2.7,203,4.8,1711897200,14.8,1711875600,0,0,997,final,69,1014,0,,73,1155,9275,6805,1752,19.9,1711861200,203,12,3.6
97,2024-04-01,18.3,48,388,285,122,931,920,23.3,1712008800,2.7,194,5.2,1712030400,19.6,1711965600,0,0,995,final,81,1011,0,,71,1160,9318,6851,1697,21.6,1711947600,194,11.6,4.3
75,2024-04-02,17.8,49,390,287,122,931,923,24.1,1712095200,4.7,223,7.2,1712116800,14.4,1712116800,25.5,25.5,987,final,81,1004,0,,141,1165,9359,6897,3394,21.3,1712034000,223,16,5.7
49,2024-04-03,1.7,49,392,289,122,932,927,13.3,1712160000,5.8,285,7.2,1712160000,7.4,1712142000,0.5,0.5,989,final,55,1006,0,,265,1170,9400,6942,6363,10.7,1712120400,285,16.8,5.2
23,2024-04-04,-1.3,49,393,291,122,932,930,15.9,1712264400,6.6,264,6.4,1712253600,6.3,1712224800,0,0,993,final,44,1010,0,,242,1175,9439,6987,5811,11,1712206800,264,15.2,4.4
4,2024-04-05,1,49,395,293,122,932,934,15.9,1712354400,8.3,183,3.2,1712347200,3,1712307600,0,0,1002,final,58,1019,0,,292,1179,9477,7031,7016,9.4,1712293200,183,8,2.4
40,2024-04-06,1.8,49,396,295,122,933,937,18.5,1712440800,7.7,90,3.6,1712379600,2.6,1712401200,0,0,1003,final,59,1021,0,,220,1184,9513,7075,5284,10.3,1712379600,90,8,2.2
44,2024-04-07,7.1,50,398,297,122,933,940,26.7,1712516400,7.1,161,6,1712516400,8.1,1712487600,0.3,0.3,998,final,53,1014,0,,249,1188,9549,7118,5967,17.4,1712466000,161,14,4.4
94,2024-04-08,16.4,50,399,298,123,933,943,21.1,1712606400,3.2,185,5.2,1712610000,16.7,1712624400,11.5,11.5,999,final,85,1016,0,,98,1193,9583,7161,2342,19.1,1712552400,185,11.6,3.8
100,2024-04-09,14.7,50,401,300,123,934,946,18.5,1712714400,2.9,161,4.4,1712721600,14.4,1712674800,26.8,26.8,999,final,90,1016,0,,48,1197,9616,7204,1159,16.3,1712638800,161,10,3.3
94,2024-04-10,16.9,50,402,302,123,934,949,19.3,1712790000,2.9,152,5.2,1712725200,16.3,1712808000,10,10,991,final,94,1008,0,,51,1201,9649,7245,1219,17.9,1712725200,152,14.8,3.8
78,2024-04-11,12.1,50,403,304,123,934,952,18.5,1712876400,2.9,246,6.8,1712851200,12.2,1712854800,14.8,14.8,986,final,80,1003,0,,82,1205,9680,7286,1962,15.9,1712811600,246,15.2,4.8
0,2024-04-12,1.5,50,405,305,123,934,955,20.4,1712952000,9.4,276,6.8,1712937600,9.6,1712980800,0,0,1001,final,44,1018,0,,305,1209,9710,7327,7327,14.6,1712898000,276,16.8,4.5
6,2024-04-13,6.6,51,406,307,123,935,958,27,1713042000,9.5,227,4,1713042000,5.2,1713006000,0,0,1005,final,57,1022,0,,307,1213,9739,7367,7367,17,1712984400,227,7.6,2.4
25,2024-04-14,9.7,51,407,309,123,935,961,28.5,1713128400,6.3,212,6,1713117600,14.8,1713085200,0,0,1000,final,51,1017,0,,260,1217,9767,7406,6237,21.2,1713070800,212,13.2,4.4
50,2024-04-15,15.6,51,408,310,123,935,963,28.5,1713204000,4.9,204,4,1713204000,16.3,1713175200,0,0,999,final,68,1015,0,,176,1220,9795,7445,4233,22.1,1713157200,204,9.6,3.2
81,2024-04-16,16.2,51,409,312,123,935,966,27.4,1713301200,4.6,175,6,1713286800,18.9,1713258000,0.5,0.5,998,final,68,1014,0,,183,1224,9821,7483,4386,22.8,1713243600,175,14.8,4.5
91,2024-04-17,19.2,51,410,313,123,935,969,27,1713391200,3,205,6,1713376800,19.6,1713348000,1.8,1.8,999,final,83,1015,0,,55,1227,9847,7520,1316,22.5,1713330000,205,13.2,4
79,2024-04-18,19.9,51,411,315,124,935,971,27.4,1713470400,6.3,177,4.4,1713470400,19.6,1713438000,0.5,0.5,1000,final,87,1016,0,,233,1231,9871,7557,5599,22.4,1713416400,177,12.8,3
97,2024-04-19,15.4,51,412,316,124,936,973,20,1713502800,3,166,4,1713542400,14.8,1713585600,34.5,34.5,1001,final,90,1018,0,,48,1234,9895,7593,1154,17,1713502800,166,8.8,2.9
96,2024-04-20,5.4,52,413,318,124,936,976,15.9,1713643200,4.1,24,4.8,1713610800,10.4,1713618000,0.3,0.3,1005,final,59,1022,0,,129,1237,9918,7629,3103,13.5,1713589200,24,10,3.7
51,2024-04-21,1.3,52,414,319,124,936,978,15.2,1713729600,9.8,220,4.8,1713733200,8.5,1713758400,0,0,1005,final,49,1022,0,,297,1240,9941,7664,7120,12,1713675600,220,11.6,3.7
4,2024-04-22,1.7,52,415,321,124,936,980,20,1713823200,10,162,3.2,1713798000,2.6,1713783600,0,0,1006,final,56,1023,0,,321,1243,9962,7698,7698,11.6,1713762000,162,5.6,1.7
25,2024-04-23,5.2,52,416,322,124,936,982,23.7,1713906000,6.1,201,5.2,1713898800,5.9,1713870000,0,0,1002,final,56,1019,0,,287,1246,9983,7732,6882,15.4,1713848400,201,12,3.5
39,2024-04-24,8.7,52,417,324,124,936,984,25.9,1713992400,9.4,226,4,1713996000,14.1,1714017600,0,0,1002,final,52,1019,0,,316,1249,10004,7765,7584,19.8,1713934800,226,7.6,2.6
61,2024-04-25,8.9,52,418,325,124,936,986,22.6,1714064400,3.3,73,3.2,1714053600,10.7,1714042800,3,3,1004,final,66,1021,0,,108,1251,10023,7797,2581,16,1714021200,73,8,2.1
88,2024-04-26,13.6,52,418,326,124,936,988,30,1714165200,4.7,154,5.6,1714168800,13.7,1714118400,0,0,999,final,63,1016,0,,161,1254,10042,7829,3853,21.6,1714107600,154,13.6,4.1
83,2024-04-27,16.5,52,419,327,124,936,990,27.8,1714248000,3.6,168,6.8,1714233600,19.6,1714215600,0,0,1002,final,65,1019,0,,166,1257,10060,7860,3984,23.6,1714194000,168,15.6,5.2
65,2024-04-28,16.9,52,420,329,124,936,992,26.7,1714334400,3.4,166,6.4,1714316400,19.3,1714298400,0,0,1001,final,70,1018,0,,177,1259,10078,7890,4243,22.9,1714280400,166,17.2,4.7
98,2024-04-29,17.4,53,421,330,124,936,994,24.1,1714417200,3.2,174,6.4,1714406400,19.6,1714449600,26.3,26.3,998,final,79,1015,0,,80,1262,10095,7920,1922,21.4,1714366800,174,14.4,3.7
51,2024-04-30,17,53,421,331,124,936,995,27.4,1714510800,8.9,125,2.8,1714503600,17.4,1714474800,0,0,998,final,79,1014,0,,287,1264,10112,7949,6894,21.4,1714453200,125,6,1.5
40,2024-05-01,16,53,422,332,124,936,997,30.7,1714600800,8.5,177,2.8,1714586400,15.2,1714561200,0,0,998,final,69,1014,0,,290,1266,10128,7977,6963,22.9,1714539600,177,4.8,1.6
75,2024-05-02,16.6,53,423,334,124,936,999,30,1714676400,4.1,166,4.4,1714662000,17.4,1714644000,1.3,1.3,996,final,71,1013,0,,114,1269,10143,8005,2739,22.9,1714626000,166,10.8,3
99,2024-05-03,20.2,53,423,335,124,936,1000,24.8,1714755600,3.2,223,3.2,1714759200,19.6,1714719600,11.5,11.5,997,final,94,1013,0,,47,1271,10158,8032,1132,21.3,1714712400,223,7.6,1.5
73,2024-05-04,19.5,53,424,336,124,936,1002,26.7,1714856400,6.8,187,3.2,1714856400,18.9,1714881600,2.3,2.3,998,final,86,1015,0,,260,1273,10172,8058,6251,22.1,1714798800,187,8.4,1.7
80,2024-05-05,18.8,53,424,337,124,936,1003,28.5,1714935600,3.3,188,3.2,1714942800,17,1714903200,4,4,999,final,85,1016,0,,102,1275,10186,8084,2441,21.8,1714885200,188,7.2,1.7
90,2024-05-06,19.9,53,425,338,124,936,1005,28.9,1715032800,4.5,187,4,1714978800,18.5,1714989600,9.5,9.5,996,final,85,1013,0,,133,1277,10200,8109,3186,22.7,1714971600,187,12.8,3
55,2024-05-07,21.9,53,426,339,124,936,1006,28.5,1715112000,8.2,190,5.6,1715115600,21.1,1715065200,0.8,0.8,991,final,87,1008,0,,225,1281,10213,8133,5397,24.3,1715058000,190,15.2,4
51,2024-05-08,22.4,54,426,340,124,936,1007,30,1715191200,7.9,203,6,1715191200,22.6,1715148000,0.8,0.8,989,final,86,1005,0,,305,1284,10227,8158,7329,25,1715144400,203,18.4,4.2
72,2024-05-09,18.4,54,427,341,124,935,1008,30.4,1715284800,9.3,260,3.6,1715241600,18.9,1715248800,20,20,992,final,75,1008,0,,290,1287,10244,8181,6949,23.6,1715230800,260,10.4,2.5
31,2024-05-10,12.8,54,428,342,125,935,1009,23.3,1715360400,8.3,272,4.8,1715360400,15.2,1715400000,0,0,996,final,67,1012,0,,329,1291,10261,8204,7887,19.4,1715317200,272,11.6,3
11,2024-05-11,12.3,54,428,343,125,935,1011,26.7,1715461200,9.6,240,4,1715454000,11.9,1715421600,0,0,997,final,68,1014,0,,331,1293,10279,8227,7935,19.3,1715403600,240,10,2.5
68,2024-05-12,12.3,54,429,344,125,935,1012,27,1715540400,9.9,136,2.8,1715522400,12.6,1715500800,0,0,998,final,66,1014,0,,228,1296,10298,8249,5476,20.1,1715490000,136,5.6,2.1
99,2024-05-13,16.9,54,430,345,125,935,1013,20.7,1715641200,3.4,154,4.4,1715626800,17.4,1715605200,1,1,994,final,88,1011,0,,72,1299,10317,8270,1738,19,1715576400,154,10.8,3.2
77,2024-05-14,18.5,54,431,345,125,935,1014,23.3,1715709600,6.9,173,4.4,1715684400,17.8,1715716800,37.8,37.8,989,final,90,1005,0,,240,1301,10335,8291,5770,20.3,1715662800,173,10.4,3
36,2024-05-15,17,54,431,346,125,935,1015,25.9,1715814000,5.5,292,4.8,1715796000,16.3,1715763600,0,0,992,final,83,1008,0,,276,1304,10353,8311,6618,20.3,1715749200,292,11.6,2.9
60,2024-05-16,17,54,432,347,125,935,1016,27.4,1715893200,7.8,118,3.2,1715878800,15.6,1715850000,0,0,995,final,76,1011,0,,221,1306,10371,8331,5306,21.8,1715835600,118,6,1.8
90,2024-05-17,18.8,55,433,348,125,935,1016,25.6,1715976000,4.7,128,3.6,1715950800,19.6,1715954400,2.5,2.5,993,final,82,1009,0,,150,1308,10388,8350,3609,22.1,1715922000,128,6.8,1.8
80,2024-05-18,19.4,55,433,349,125,934,1017,23,1716058800,4.4,200,2.4,1716040800,18.9,1716044400,37.5,37.5,995,final,91,1011,0,,121,1311,10404,8368,2893,20.9,1716008400,200,5.6,1.5
21,2024-05-19,18.2,55,434,349,125,934,1018,30,1716152400,8.4,96,2.4,1716130800,17.4,1716112800,0,0,998,final,77,1015,0,,345,1313,10420,8386,8275,23.1,1716094800,96,6,1.8
20,2024-05-20,18.5,55,435,350,125,934,1019,30.7,1716235200,9,146,3.6,1716228000,17.8,1716199200,0,0,997,final,72,1014,0,,343,1315,10434,8404,8233,24.5,1716181200,146,6.8,2.3
29,2024-05-21,18.5,55,435,351,125,934,1019,30.4,1716325200,8.6,175,5.2,1716318000,20,1716285600,0,0,997,final,68,1013,0,,344,1316,10449,8420,8245,25.5,1716267600,175,12,3.8
93,2024-05-22,19.8,55,436,352,125,934,1020,27.4,1716400800,3.5,185,4.8,1716364800,20.4,1716429600,0.8,0.8,997,final,81,1013,0,,110,1318,10462,8436,2652,23.4,1716354000,185,10.4,2.8
92,2024-05-23,20.7,55,436,352,125,934,1021,27,1716501600,4.7,197,6,1716494400,20,1716487200,2.4,2.4,997,final,87,1013,0,,132,1320,10475,8451,3177,23,1716440400,197,14.8,3
74,2024-05-24,20.1,55,437,353,125,934,1021,25.2,1716584400,4.2,146,4,1716552000,19.6,1716559200,22.8,22.8,995,final,90,1012,0,,115,1321,10487,8466,2771,21.8,1716526800,146,9.2,2.8
59,2024-05-25,21.5,55,437,353,125,933,1022,30.4,1716670800,9.1,165,3.6,1716652800,21.5,1716613200,15.3,15.3,994,final,83,1011,0,,326,1323,10499,8480,7831,24.7,1716613200,165,9.6,2.3
70,2024-05-26,22,55,438,354,125,933,1022,30.7,1716757200,10,189,6.8,1716742800,21.5,1716721200,0.3,0.3,991,final,81,1007,0,,312,1324,10510,8494,7493,25.8,1716699600,189,16.8,4.1
40,2024-05-27,19.4,55,438,354,125,933,1023,30,1716843600,8,265,4,1716796800,19.6,1716807600,7.3,7.3,994,final,75,1011,0,,346,1325,10520,8507,8298,24.6,1716786000,265,8.8,2.7
45,2024-05-28,15.3,55,439,355,125,933,1023,30,1716930000,7.7,297,4,1716922800,18.1,1716890400,0,0,1001,final,64,1018,0,,188,1327,10529,8519,4506,23.7,1716872400,297,10,2.3
38,2024-05-29,14.6,55,439,355,125,933,1024,28.5,1717009200,5.3,191,3.6,1717016400,14.8,1716980400,0,0,1003,final,66,1020,0,,259,1328,10538,8531,6206,22.2,1716958800,191,6.8,1.8
30,2024-05-30,13.1,55,439,356,125,933,1024,27.4,1717106400,9.6,73,3.2,1717077600,15.2,1717066800,0,0,1003,final,61,1020,0,0,345,1329,10546,8542,8289,21.4,1717045200,73,7.2,2.3
100,2024-05-31,16.4,55,440,356,125,932,1024,25.6,1717178400,3.8,117,4,1717178400,17.8,1717138800,4,4,1002,final,72,1019,0,0,94,1331,10554,8552,2263,21.9,1717131600,117,9.6,3.4
92,2024-06-01,19.7,56,440,357,125,932,1025,23.7,1717282800,3.7,157,6,1717264800,19.3,1717225200,21.3,21.3,1000,final,92,1016,0,,91,1333,10562,8562,2182,21.1,1717218000,157,12,4
43,2024-06-02,20.9,56,440,357,125,932,1025,30,1717365600,9.5,218,2.4,1717365600,20.7,1717322400,0,0,999,final,82,1015,0,,351,1335,10570,8572,8414,24.5,1717304400,218,6.8,1.4
80,2024-06-03,21.6,56,441,358,125,932,1025,29.6,1717437600,5.1,163,3.2,1717437600,20.4,1717398000,1.3,1.3,996,final,87,1012,0,,172,1337,10578,8581,4123,24,1717390800,163,10,2.3
94,2024-06-04,21.3,56,441,358,125,932,1026,29.6,1717538400,4.1,180,4,1717531200,21.5,1717509600,2.5,2.5,993,final,82,1009,0,,136,1338,10586,8589,3259,24.8,1717477200,180,8.8,2.6
74,2024-06-05,21.2,56,441,358,125,932,1026,28.1,1717621200,5.9,195,5.6,1717610400,21.5,1717574400,12.5,12.5,991,final,83,1008,0,,243,1340,10595,8597,5839,24.4,1717563600,195,12.8,3.4
48,2024-06-06,20.6,56,442,359,125,932,1026,30.7,1717707600,8.3,256,3.2,1717714800,21.1,1717660800,0,0,993,final,77,1009,0,,302,1341,10603,8604,7254,25.5,1717650000,256,6.8,2
1,2024-06-07,15.2,56,442,359,125,931,1026,30.4,1717794000,11.2,302,3.6,1717779600,18.5,1717819200,0,0,997,final,62,1013,0,,359,1342,10610,8611,8611,24.4,1717736400,302,7.6,2.1
58,2024-06-08,16.1,56,442,359,124,931,1026,30,1717884000,8,193,4,1717866000,15.9,1717837200,0,0,997,final,70,1013,0,,255,1343,10618,8617,6116,23,1717822800,193,10.4,2.3
93,2024-06-09,20.7,56,443,359,124,931,1026,28.9,1717963200,3.6,200,4,1717970400,20,1717927200,1,1,996,final,84,1012,0,,124,1344,10625,8623,2985,23.8,1717909200,200,9.2,2.7
32,2024-06-10,14.5,56,443,359,124,931,1027,28.9,1718053200,11.1,200,3.2,1718056800,15.2,1718010000,0,0,996,final,66,1013,0,,359,1345,10631,8628,8626,22.1,1717995600,200,7.6,2.2
73,2024-06-11,13.2,56,443,360,124,931,1027,25.9,1718136000,8.5,31,2.8,1718121600,15.2,1718100000,0,0,999,final,67,1015,0,,256,1346,10637,8632,6135,20.5,1718082000,31,6.8,2.3
71,2024-06-12,14,56,443,360,124,931,1027,27.4,1718226000,3.7,41,2.8,1718222400,14.1,1718182800,0,0,999,final,69,1016,0,,140,1347,10642,8636,3367,20.9,1718168400,41,5.6,1.6
0,2024-06-13,17.4,56,444,360,124,931,1027,31.5,1718316000,11,60,2,1718308800,15.2,1718272800,0,0,998,final,71,1015,0,,360,1347,10647,8639,8639,23.9,1718254800,60,3.6,1
14,2024-06-14,19.2,56,444,360,124,930,1027,33.3,1718395200,11.2,161,2,1718402400,17.8,1718355600,0,0,998,final,71,1014,0,,359,1348,10650,8642,8620,26.2,1718341200,161,4.8,1.2
15,2024-06-15,21.9,56,444,360,124,930,1027,33.7,1718488800,9.8,123,2.8,1718470800,21.1,1718442000,0,0,998,final,73,1014,0,,360,1348,10654,8644,8631,27.8,1718427600,123,5.6,1.6
40,2024-06-16,22.4,56,444,360,124,930,1027,35.2,1718568000,8.8,146,3.6,1718575200,23,1718532000,0,0,999,final,71,1015,0,,342,1349,10656,8646,8202,28.8,1718514000,146,8,2.4
79,2024-06-17,22.2,56,444,360,124,930,1027,30.7,1718658000,6.4,159,3.6,1718658000,24.1,1718683200,4.5,4.5,1000,final,80,1017,0,,243,1349,10658,8647,5821,26.2,1718600400,159,10.4,2.4
99,2024-06-18,22.2,56,444,360,124,930,1027,30.7,1718737200,3.5,129,3.2,1718733600,23.7,1718704800,0,0,1002,final,79,1018,0,,93,1349,10659,8647,2237,26.4,1718686800,129,8.8,2.4
86,2024-06-19,19.9,56,444,360,124,930,1027,30,1718820000,5.7,115,3.2,1718830800,22.6,1718856000,0,0,1005,final,71,1022,0,,209,1349,10659,8647,5018,26,1718773200,115,8.8,2.7
33,2024-06-20,20.1,56,444,360,124,930,1027,32.6,1718917200,5.7,87,3.2,1718892000,20.4,1718877600,0,0,1008,final,72,1024,0,,266,1349,10658,8646,6386,26.4,1718859600,87,7.2,2.4
43,2024-06-21,20.4,56,444,360,124,930,1026,33.3,1719003600,7.8,74,2.4,1719000000,21.9,1718967600,0,0,1005,final,68,1022,0,,343,1349,10657,8645,8221,27.8,1718946000,74,4.8,1.3
32,2024-06-22,20.6,56,444,360,124,929,1026,35.2,1719093600,7.6,163,2.4,1719079200,21.9,1719054000,0,0,1001,final,67,1017,0,,281,1349,10655,8643,6743,28.5,1719032400,163,6.8,1.5
37,2024-06-23,22.8,56,444,360,124,929,1026,34.4,1719172800,6.4,247,4,1719165600,22.2,1719136800,0.3,0.3,997,final,74,1013,0,,263,1348,10652,8641,6306,28.3,1719118800,247,12.4,3
17,2024-06-24,21.6,56,444,360,124,929,1026,35.6,1719262800,11.2,102,2.4,1719237600,23.7,1719226800,0.5,0.5,998,final,68,1014,0,,360,1348,10648,8638,8634,29.4,1719205200,102,5.6,1.7
38,2024-06-25,21.5,56,443,360,124,929,1026,37.8,1719349200,9.8,167,2.4,1719324000,22.6,1719313200,0,0,997,final,67,1013,0,,322,1347,10644,8634,7736,29.6,1719291600,167,7.2,1.8
70,2024-06-26,22.8,56,443,360,124,929,1025,32.6,1719421200,8.7,202,4.4,1719424800,23.3,1719460800,40.5,40.5,994,final,83,1010,0,,261,1347,10639,8630,6255,26.2,1719378000,202,11.2,2.1
58,2024-06-27,23.1,56,443,359,124,929,1025,31.1,1719522000,8.4,57,4,1719522000,23,1719471600,0,0,994,final,84,1010,0,,306,1346,10633,8625,7343,26.3,1719464400,57,9.2,2.8
45,2024-06-28,23,56,443,359,124,929,1025,33.3,1719608400,7.9,147,2.8,1719608400,23,1719568800,0,0,995,final,76,1011,0,,314,1345,10626,8620,7542,28.1,1719550800,147,7.2,2.4
59,2024-06-29,23.7,56,442,359,124,929,1025,35.9,1719694800,4.4,217,3.2,1719680400,24.8,1719651600,0,0,999,final,72,1015,0,,236,1344,10619,8614,5656,30.1,1719637200,217,8.8,2.2
52,2024-06-30,25.1,56,442,359,124,929,1024,33.3,1719774000,8.4,245,2.8,1719777600,25.6,1719741600,0.3,0.3,1003,final,83,1019,0,,330,1343,10610,8607,7908,28.4,1719723600,245,8.8,2.4
40,2024-07-01,17.7,56,442,358,124,929,1024,30.4,1719864000,9.2,31,3.6,1719853200,20.7,1719892800,0,0,1002,final,66,1019,0,,340,1342,10601,8600,8172,25.1,1719810000,31,8.8,3
7,2024-07-02,17.9,56,441,358,124,928,1024,35.9,1719950400,11.2,137,3.6,1719954000,18.1,1719918000,0,0,1000,final,62,1016,0,,358,1341,10591,8592,8592,27,1719896400,137,8,2.1
22,2024-07-03,23.9,56,441,358,124,928,1023,35.6,1720033200,10.8,179,4,1720008000,25.6,1719986400,0,0,1000,final,72,1016,0,,355,1340,10581,8584,8525,30,1719982800,179,11.2,2.9
47,2024-07-04,24.6,56,440,357,124,928,1023,36.7,1720116000,8.1,194,2.8,1720123200,25.2,1720080000,0.3,0.3,997,final,76,1013,0,,336,1339,10569,8575,8069,29.9,1720069200,194,7.6,2.1
77,2024-07-05,23.3,56,440,357,124,928,1022,31.9,1720209600,4.2,276,4.8,1720180800,24.4,1720180800,1.5,1.5,996,final,79,1012,0,,151,1337,10557,8566,3629,27.5,1720155600,276,8.8,2.6
59,2024-07-06,19.8,56,439,357,124,928,1022,31.1,1720303200,5.3,134,3.2,1720303200,21.9,1720260000,0,0,999,final,68,1015,0,,252,1336,10544,8556,6041,26.6,1720242000,134,6.4,2.2
49,2024-07-07,20.1,56,439,356,124,928,1022,33.3,1720389600,7.3,73,2.4,1720360800,20.7,1720350000,0,0,999,final,68,1015,0,,280,1334,10530,8546,6712,27.1,1720328400,73,5.6,1.8
83,2024-07-08,23,56,438,356,124,928,1021,33.7,1720472400,3.5,159,3.6,1720494000,24.1,1720422000,48.5,48.5,999,final,75,1015,0,,119,1332,10515,8535,2858,28.2,1720414800,159,7.2,1.9
83,2024-07-09,22.6,55,438,355,124,928,1021,31.9,1720548000,7.2,185,6.4,1720558800,22.6,1720584000,12.5,12.5,995,final,81,1011,0,,225,1330,10500,8523,5392,26.3,1720501200,185,18,4.4
17,2024-07-10,17.9,55,437,355,124,928,1020,31.9,1720645200,11.1,303,4.4,1720620000,20,1720605600,0,0,999,final,67,1015,0,,344,1328,10484,8511,8255,25.4,1720587600,303,9.2,2.4
13,2024-07-11,18.3,55,436,354,124,928,1019,33.3,1720735200,9.6,139,2.4,1720735200,18.9,1720692000,0,0,1001,final,65,1017,0,,347,1326,10467,8498,8332,26.4,1720674000,139,5.2,1.4
32,2024-07-12,19,55,435,354,124,928,1019,34.8,1720807200,8.9,152,2.8,1720821600,21.1,1720782000,0,0,1002,final,64,1019,0,,327,1324,10450,8485,7836,27.7,1720760400,152,4.8,1.8
35,2024-07-13,21,55,435,353,124,928,1018,35.2,1720904400,8,136,2.8,1720904400,21.9,1720864800,0,0,1004,final,67,1021,0,,318,1322,10432,8471,7628,28.7,1720846800,136,4.8,1.4
47,2024-07-14,21.3,55,434,352,124,928,1018,35.6,1720980000,8.2,154,2.8,1720998000,23.3,1720947600,0,0,1003,final,66,1019,0,,299,1319,10414,8457,7170,29.2,1720933200,154,6,1.5
17,2024-07-15,22.1,55,433,352,124,928,1017,34.8,1721073600,8.4,225,2.8,1721077200,23.3,1721037600,0,0,999,final,68,1015,0,,344,1317,10395,8442,8249,29.2,1721019600,225,7.6,2.1
46,2024-07-16,22.3,55,432,351,124,927,1016,34.8,1721163600,5.4,214,3.6,1721156400,24.4,1721120400,0,0,998,final,68,1014,0,,201,1314,10377,8427,4828,29.4,1721106000,214,10.4,2.8
41,2024-07-17,21.8,55,432,350,124,927,1015,34.4,1721250000,6.2,271,4.8,1721239200,24.4,1721214000,0,0,998,final,69,1014,0,,291,1311,10358,8411,6986,28.4,1721192400,271,12,2.8
72,2024-07-18,20.6,55,431,350,124,927,1015,30.7,1721329200,6.5,141,4,1721336400,23.3,1721300400,0,0,1000,final,72,1017,0,,256,1308,10339,8395,6144,26.4,1721278800,141,8,2.3
74,2024-07-19,17.5,54,430,349,124,927,1014,28.1,1721422800,5.8,61,3.6,1721365200,21.1,1721390400,1.3,1.3,1001,final,67,1018,0,,174,1305,10321,8378,4179,24.2,1721365200,61,7.2,2.3
61,2024-07-20,21.3,54,429,348,124,927,1013,31.9,1721505600,5,141,2,1721512800,21.5,1721466000,1.5,1.5,1000,final,77,1017,0,,197,1302,10303,8361,4737,25.9,1721451600,141,5.2,1.2
48,2024-07-21,21.8,54,429,348,124,927,1012,33,1721592000,8.2,153,2.4,1721606400,22.6,1721559600,5,5,999,final,78,1016,0,,329,1299,10287,8343,7907,26.4,1721538000,153,5.6,1
70,2024-07-22,22.5,54,428,347,124,927,1011,31.1,1721678400,7.1,165,2,1721671200,21.5,1721635200,0,0,999,final,85,1015,0,,225,1295,10273,8325,5408,25.5,1721624400,165,6.4,0.9
98,2024-07-23,23.1,54,427,346,124,927,1010,25.9,1721772000,4.2,181,1.6,1721739600,22.6,1721746800,8.3,8.3,1002,final,96,1018,0,,73,1292,10260,8306,1747,23.9,1721710800,181,6,0.8
99,2024-07-24,23.2,54,427,345,124,927,1009,27.8,1721851200,3.4,201,2,1721851200,22.6,1721818800,0,0,1004,final,93,1021,0,,70,1288,10248,8287,1673,24.4,1721797200,201,5.2,1.3
99,2024-07-25,22.8,54,427,344,124,927,1008,29.3,1721941200,3.4,210,2,1721944800,22.6,1721901600,1,1,1005,final,89,1021,0,,80,1285,10238,8268,1910,24.8,1721883600,210,4.8,1
97,2024-07-26,22.6,53,426,344,124,927,1007,27.4,1722024000,4.2,189,2,1722027600,22.2,1721995200,10.3,10.3,1002,final,93,1019,0,,95,1283,10227,8248,2275,23.9,1721970000,189,5.6,0.9
96,2024-07-27,23.4,53,426,343,124,927,1006,29.3,1722103200,3.3,134,2,1722114000,23,1722070800,7.3,7.3,1001,final,89,1017,0,,105,1281,10216,8228,2529,25.4,1722056400,134,6,1.4
76,2024-07-28,24,53,425,342,123,927,1005,28.1,1722196800,5.8,188,3.2,1722207600,23.7,1722153600,0.5,0.5,1001,final,92,1017,0,,178,1280,10205,8207,4264,25.4,1722142800,188,6.8,1.9
65,2024-07-29,24.1,53,425,341,123,927,1004,31.9,1722283200,3.5,214,3.6,1722265200,23.3,1722247200,0.5,0.5,1000,final,85,1016,0,,154,1278,10193,8185,3689,27.1,1722229200,214,10.4,2.6
54,2024-07-30,24.8,53,424,340,123,927,1002,34.8,1722369600,6.2,226,4,1722351600,24.8,1722330000,0,0,999,final,79,1015,0,0,258,1276,10181,8163,6204,29.2,1722315600,226,10.4,2.8
44,2024-07-31,24.7,53,424,339,123,926,1001,35.2,1722463200,7.4,216,3.2,1722448800,24.4,1722420000,0,0,1000,final,77,1016,0,0,322,1274,10168,8140,7720,29.4,1722402000,216,7.6,2.4
47,2024-08-01,24.7,53,423,338,123,926,1000,34.8,1722538800,3.8,229,4,1722538800,25.2,1722506400,0,0,1001,final,76,1017,0,,177,1272,10156,8117,4240,29.7,1722488400,229,10.4,2.9
30,2024-08-02,22.3,53,423,337,123,926,999,34.8,1722628800,9.5,275,4.8,1722636000,24.4,1722657600,0,0,998,final,69,1014,0,,336,1270,10142,8093,8074,29,1722574800,275,9.6,3.1
11,2024-08-03,20.5,53,422,336,123,926,997,33,1722718800,8.6,222,2.4,1722718800,22.2,1722682800,0,0,998,final,69,1014,0,,332,1268,10128,8068,7963,27.4,1722661200,222,6.8,2
14,2024-08-04,21.3,53,421,335,123,926,996,34.4,1722805200,9.3,44,2.8,1722801600,21.5,1722769200,0,0,999,final,72,1015,0,,333,1266,10114,8043,7985,27.5,1722747600,44,6,1.9
10,2024-08-05,22,53,421,334,123,926,994,35.6,1722895200,8,40,2.8,1722888000,23,1722855600,0,0,1000,final,70,1016,0,,329,1264,10100,8018,7884,28.7,1722834000,40,6.4,1.9
5,2024-08-06,22,53,420,333,123,926,993,35.2,1722974400,8.9,224,3.2,1722981600,23.3,1722938400,0,0,998,final,69,1014,0,,333,1262,10085,7991,7980,29.3,1722920400,224,8.4,2.1
72,2024-08-07,21.8,52,420,332,123,926,991,31.1,1723053600,3.6,328,3.2,1723057200,22.6,1723089600,0,0,994,final,77,1010,0,,115,1260,10069,7964,2763,26.4,1723006800,328,8.8,2.8
59,2024-08-08,21.4,52,419,331,123,926,989,30.7,1723158000,4.9,307,4.4,1723143600,21.9,1723093200,0,0,994,final,79,1010,0,,238,1257,10053,7937,5705,25.5,1723093200,307,11.2,3.2
45,2024-08-09,19,52,418,330,123,926,988,32.2,1723230000,5,238,3.6,1723233600,20,1723197600,0,0,999,final,68,1015,0,,201,1255,10037,7909,4813,25.8,1723179600,238,10,3.1
28,2024-08-10,14.5,52,417,328,123,925,986,30,1723323600,9.4,70,3.6,1723302000,17.8,1723287600,0,0,1004,final,61,1020,0,,310,1252,10020,7880,7440,23.2,1723266000,70,8.4,2.8
48,2024-08-11,15.1,52,417,327,123,925,984,30.4,1723410000,9.5,102,2.8,1723410000,17.4,1723374000,0,0,1003,final,63,1020,0,,222,1250,10002,7851,5337,23.2,1723352400,102,7.2,2.3
78,2024-08-12,16.7,52,416,326,123,925,982,30.7,1723489200,3.4,70,2.4,1723496400,19.6,1723460400,0,0,1002,final,63,1018,0,,121,1247,9984,7821,2911,24.7,1723438800,70,5.6,1.5
69,2024-08-13,19.3,52,415,325,123,925,980,32.6,1723582800,6.3,92,2.4,1723582800,20.7,1723546800,0,0,1001,final,67,1018,0,,160,1245,9965,7790,3838,26.6,1723525200,92,7.2,1.8
89,2024-08-14,22,52,414,323,123,925,978,29.3,1723672800,3.1,113,2.4,1723636800,23,1723694400,12,12,1001,final,84,1018,0,,61,1242,9946,7759,1456,24.9,1723611600,113,5.2,1.3
58,2024-08-15,22.2,52,414,322,123,925,976,35.2,1723759200,6.5,169,2.8,1723759200,21.1,1723719600,0,0,999,final,74,1016,0,,289,1239,9926,7727,6925,27.9,1723698000,169,5.6,1.4
34,2024-08-16,23.2,52,413,321,122,924,974,34.8,1723842000,8.2,237,4.4,1723834800,24.4,1723806000,0,0,998,final,72,1014,0,,309,1236,9906,7695,7416,29.2,1723784400,237,12,2.5
39,2024-08-17,22.6,51,412,319,122,924,972,35.2,1723928400,8.4,250,3.2,1723928400,23,1723885200,0,0,997,final,75,1013,0,,295,1233,9884,7662,7072,28.3,1723870800,250,11.6,2.3
6,2024-08-18,20.3,51,411,318,122,924,970,34.4,1724011200,9.6,301,4.8,1724011200,22.6,1723978800,0,0,997,final,67,1013,0,,318,1230,9863,7629,7627,27.9,1723957200,301,12,3
29,2024-08-19,17.8,51,410,316,122,924,968,32.2,1724097600,7.2,140,4,1724101200,20,1724065200,0,0,999,final,67,1015,0,,288,1227,9840,7594,6914,25.3,1724043600,140,10,3.2
13,2024-08-20,15.4,51,409,315,122,924,965,29.6,1724187600,9,15,4,1724191200,18.1,1724151600,0,0,1001,final,65,1018,0,,311,1224,9817,7560,7453,23.2,1724130000,15,9.2,3.1
4,2024-08-21,11,51,408,314,122,923,963,28.9,1724274000,9.8,38,3.6,1724263200,14.1,1724238000,0,0,1003,final,56,1020,0,,314,1221,9793,7524,7524,21.6,1724216400,38,8.8,3.1
23,2024-08-22,13.9,51,407,312,122,923,960,33,1724360400,8.1,71,3.2,1724356800,15.2,1724320800,0,0,1003,final,57,1019,0,,300,1218,9768,7489,7210,23.8,1724302800,71,6.4,1.9
27,2024-08-23,17.9,51,406,311,122,923,958,33.3,1724450400,8.3,149,4.4,1724425200,20.4,1724407200,0,0,1005,final,62,1021,0,,278,1214,9743,7452,6665,26.6,1724389200,149,8.8,2.9
3,2024-08-24,13.8,50,405,309,122,923,955,34.1,1724533200,9.6,147,3.6,1724511600,18.9,1724497200,0,0,1005,final,52,1022,0,,309,1211,9716,7415,7415,26.1,1724475600,147,7.6,2.5
15,2024-08-25,13.9,50,404,307,122,922,953,35.6,1724623200,8.6,143,3.6,1724601600,16.7,1724580000,0,0,1005,final,52,1022,0,,295,1207,9689,7377,7082,26.3,1724562000,143,5.2,1.7
0,2024-08-26,14.2,50,403,306,122,922,950,36.7,1724702400,9.5,164,3.2,1724684400,18.1,1724670000,0,0,1005,final,50,1021,0,,306,1203,9661,7339,7339,27.5,1724648400,164,5.6,1.1
0,2024-08-27,14.6,50,401,304,121,922,947,37.8,1724792400,9.4,176,2.8,1724781600,18.9,1724756400,0,0,1003,final,49,1019,0,,304,1200,9632,7301,7301,28.6,1724734800,176,4.8,1.5
18,2024-08-28,15,50,400,303,121,922,945,38.9,1724878800,8.1,176,2.4,1724868000,20,1724842800,0,0,1002,final,48,1018,0,,281,1196,9602,7261,6733,29.4,1724821200,176,5.6,1.6
52,2024-08-29,19.7,50,399,301,121,921,942,37,1724958000,7.2,189,4.8,1724961600,23,1724929200,19.3,19.3,1002,final,61,1018,0,,279,1192,9571,7222,6708,28.8,1724907600,189,10,2
73,2024-08-30,21.3,49,397,299,121,921,939,34.8,1725051600,7.3,203,2.8,1725055200,22.2,1725015600,13.5,13.5,1002,final,74,1018,0,,248,1188,9539,7181,5959,26.9,1724994000,203,7.2,1.1
78,2024-08-31,22,49,396,298,121,921,936,33.7,1725134400,8.3,106,2,1725123600,21.9,1725080400,0,0,1001,final,81,1017,0,,214,1184,9506,7141,5131,26.1,1725080400,106,5.2,1
77,2024-09-01,22.5,49,395,296,121,920,933,28.9,1725206400,2.8,173,2,1725213600,20.7,1725249600,1.8,1.8,1000,final,91,1016,0,,89,1179,9471,7100,2144,24.1,1725166800,173,5.6,1
33,2024-09-02,19.6,49,393,294,121,920,929,31.9,1725310800,8.5,68,4,1725303600,19.6,1725260400,0,0,1001,final,76,1018,0,,279,1175,9436,7058,6698,24.9,1725253200,68,8.8,2.7
89,2024-09-03,16.4,49,392,292,121,920,926,32.2,1725400800,2.9,49,4,1725393600,17.4,1725361200,0,0,1003,final,63,1019,0,,100,1170,9400,7016,2392,24.7,1725339600,49,7.6,2.5
96,2024-09-04,18.6,49,390,291,121,919,923,31.1,1725472800,3.6,100,3.6,1725458400,22.6,1725433200,1,1,1005,final,66,1021,0,,94,1166,9362,6973,2255,25.8,1725426000,100,8.8,2.6
36,2024-09-05,17.4,48,388,289,120,919,920,32.6,1725570000,8.5,131,2.8,1725548400,21.1,1725530400,0.3,0.3,1004,final,60,1020,0,,287,1161,9323,6930,6894,26.4,1725512400,131,6.8,2.1
74,2024-09-06,18.8,48,387,287,120,918,916,31.1,1725649200,2.9,173,3.2,1725652800,21.1,1725602400,0,0,1000,final,69,1017,0,,104,1156,9284,6887,2487,25.5,1725598800,173,5.6,1.4
11,2024-09-07,10.9,48,385,285,120,918,913,27.4,1725739200,8.7,36,4.8,1725742800,17,1725768000,0,0,1001,final,53,1017,0,,285,1151,9243,6843,6843,22.5,1725685200,36,12.4,4.1
0,2024-09-08,6.4,48,383,283,120,917,909,27.4,1725825600,8.7,30,3.6,1725811200,11.5,1725793200,0,0,1003,final,48,1019,0,,283,1146,9201,6799,6799,19,1725771600,30,10,3.2
0,2024-09-09,8.9,48,382,281,120,917,906,30.7,1725915600,8.6,46,3.2,1725922800,11.1,1725872400,0,0,1003,final,51,1020,0,,281,1140,9159,6755,6755,20.6,1725858000,46,6.4,2.4
27,2024-09-10,13.7,47,380,280,120,916,902,32.6,1726002000,7.6,114,3.2,1725984000,15.6,1725966000,0,0,1001,final,56,1018,0,,276,1135,9117,6710,6626,23.8,1725944400,114,5.6,2
65,2024-09-11,13.7,47,378,278,120,916,898,33,1726088400,6,114,4,1726066800,17.4,1726052400,0,0,999,final,55,1015,0,,197,1129,9076,6665,4737,25.1,1726030800,114,9.6,2.7
100,2024-09-12,17.6,47,377,276,119,915,895,23.7,1726117200,2.7,97,7.6,1726171200,18.1,1726131600,23.7,23.7,993,final,86,1010,0,,33,1123,9038,6621,789,20.2,1726117200,97,22.8,6
100,2024-09-13,20.8,47,375,274,119,915,891,24.8,1726254000,2.6,136,4.8,1726221600,20.7,1726203600,49.7,49.7,994,final,91,1011,0,,47,1117,9003,6576,1125,22.3,1726203600,136,12.4,3.2
99,2024-09-14,21,46,374,272,119,914,887,22.6,1726336800,2.6,93,4.8,1726365600,21.1,1726362000,29.1,29.1,997,final,96,1013,0,,40,1110,8975,6531,965,21.6,1726290000,93,10.8,3.7
94,2024-09-15,20.4,46,373,270,119,914,883,26.3,1726423200,3.3,92,4.8,1726383600,20.4,1726401600,16.3,16.3,999,final,89,1016,0,,114,1106,8948,6486,2739,22.5,1726376400,92,12,3.5
53,2024-09-16,19.4,46,372,268,119,913,879,28.5,1726520400,6.8,85,4,1726509600,20.7,1726545600,1.3,1.3,1000,final,78,1016,0,,248,1102,8920,6441,5960,23.8,1726462800,85,10,2.9
2,2024-09-17,16.8,46,370,266,119,912,875,30.7,1726606800,8,72,2.4,1726606800,17.4,1726570800,0,0,998,final,70,1015,0,,266,1098,8892,6395,6395,23.5,1726549200,72,6.8,1.7
33,2024-09-18,17.5,46,369,265,118,912,871,29.3,1726686000,6,61,2.4,1726693200,15.9,1726657200,0,0,997,final,76,1014,0,,177,1094,8863,6349,4242,22.5,1726635600,61,5.2,1.6
17,2024-09-19,20,45,368,263,118,911,867,30.7,1726779600,6.3,237,1.6,1726783200,17.4,1726729200,0,0,997,final,80,1013,0,,261,1090,8833,6303,6255,24.2,1726722000,237,4.8,1.1
5,2024-09-20,20.7,45,367,261,118,911,862,33,1726862400,7.7,212,2,1726851600,18.5,1726830000,0,0,996,final,78,1012,0,,261,1085,8803,6256,6255,25.6,1726808400,212,4.4,1.1
50,2024-09-21,21.6,45,365,259,118,910,858,32.2,1726952400,5.4,197,2.4,1726952400,21.1,1726912800,1.8,1.8,998,final,78,1014,0,,227,1081,8772,6209,5438,26.2,1726894800,197,6,1.7
30,2024-09-22,21.7,45,364,257,118,909,854,32.6,1727031600,5.7,208,2.8,1727035200,21.5,1727002800,0,0,997,final,78,1013,0,,246,1077,8740,6161,5911,26.5,1726981200,208,7.2,1.7
86,2024-09-23,20.8,45,363,255,117,908,849,30.7,1727114400,2.3,192,2,1727118000,21.5,1727089200,0,0,996,final,76,1012,0,,78,1072,8707,6114,1881,25.9,1727067600,192,6,1.4
59,2024-09-24,21,44,361,253,117,908,845,28.5,1727200800,5.8,206,4,1727193600,21.1,1727236800,8.5,8.5,995,final,83,1011,0,,206,1068,8674,6066,4933,24.3,1727154000,206,13.2,2.2
61,2024-09-25,17.2,44,360,251,117,907,840,25.2,1727298000,2.3,115,2.8,1727298000,17.8,1727323200,0,0,996,final,82,1013,0,,95,1063,8640,6017,2273,20.7,1727240400,115,6.4,2
14,2024-09-26,15.2,44,359,249,117,906,836,27.4,1727380800,5.7,113,4,1727373600,15.6,1727341200,0,0,993,final,73,1010,0,,245,1058,8605,5969,5869,20.9,1727326800,113,10.4,3.1
93,2024-09-27,18.3,44,357,247,117,905,831,20,1727470800,2.3,281,6.8,1727456400,17.8,1727434800,21.3,21.3,980,final,97,997,0,,25,1053,8569,5920,592,18.7,1727413200,281,14.8,4.6
100,2024-09-28,17.1,44,356,245,116,905,827,19.6,1727553600,2.2,257,5.6,1727514000,16.3,1727514000,0,0,988,final,95,1005,0,,34,1049,8532,5871,815,18,1727499600,257,12.4,4.3
79,2024-09-29,19,43,354,243,116,904,822,23.7,1727640000,3.4,306,3.2,1727632800,18.1,1727668800,0,0,994,final,93,1010,0,0,125,1044,8495,5822,3005,20.2,1727586000,306,8.8,2.3
75,2024-09-30,18.9,43,352,241,116,903,817,25.2,1727722800,2.2,280,1.6,1727726400,17.8,1727672400,0.8,0.8,997,final,88,1013,0,0,65,1039,8457,5772,1552,21.2,1727672400,280,5.6,1
37,2024-10-01,18.9,43,351,238,116,902,813,28.9,1727816400,4.4,301,4.4,1727812800,18.5,1727773200,0,0,1000,final,80,1016,0,,210,1033,8418,5723,5043,23,1727758800,301,9.2,2.4
1,2024-10-02,12.7,43,349,236,116,901,808,26.3,1727899200,6.9,146,3.6,1727888400,14.1,1727928000,0.3,0.3,1000,final,67,1017,0,,236,1028,8379,5673,5673,19.3,1727845200,146,6.4,2.3
11,2024-10-03,15.3,43,347,234,115,900,803,29.3,1727989200,5.7,105,2,1727982000,12.2,1727953200,0,0,1000,final,77,1017,0,,233,1023,8339,5623,5582,20.2,1727931600,105,5.2,1.3
19,2024-10-04,17.6,42,346,232,115,899,798,31.1,1728075600,5.2,93,2.4,1728068400,16.7,1728036000,0,0,1003,final,74,1020,0,,228,1017,8298,5574,5466,23.3,1728018000,93,4.4,1.8
5,2024-10-05,18.8,42,344,230,115,898,793,31.9,1728154800,6.4,76,2.4,1728162000,17,1728126000,0,0,1003,final,78,1019,0,,230,1012,8257,5524,5513,23.5,1728104400,76,5.2,1.4
7,2024-10-06,17.6,42,342,228,115,897,788,32.2,1728248400,6.3,195,3.2,1728244800,16.7,1728216000,0,0,1001,final,72,1017,0,,228,1006,8216,5474,5468,24,1728190800,195,4.4,1.4
4,2024-10-07,10.1,42,341,226,114,896,784,25.6,1728331200,6.5,68,3.6,1728324000,14.8,1728360000,0,0,1000,final,56,1017,0,,226,1000,8175,5424,5424,19.9,1728277200,68,8.8,3.3
0,2024-10-08,8.8,41,339,224,114,895,779,25.2,1728417600,6.4,24,3.6,1728417600,10,1728388800,0,0,999,final,63,1016,0,,224,994,8135,5374,5374,17,1728363600,24,9.2,3.1
0,2024-10-09,8.4,41,337,222,114,894,774,27.4,1728500400,6.3,35,3.6,1728500400,9.6,1728471600,0,0,1000,final,60,1017,0,,222,988,8095,5325,5325,17.8,1728450000,35,7.6,3
0,2024-10-10,9.6,41,336,220,114,893,769,28.1,1728590400,6.3,63,3.2,1728579600,10.7,1728561600,0,0,1003,final,61,1019,0,,220,982,8056,5275,5275,18.5,1728536400,63,6.8,2.4
0,2024-10-11,11.7,41,334,218,113,892,764,28.1,1728676800,6.2,116,2.4,1728676800,10.7,1728648000,0,0,1005,final,71,1022,0,,218,976,8019,5226,5226,18.3,1728622800,116,4,1.3
7,2024-10-12,12.4,40,333,216,113,891,759,29.3,1728759600,6,195,3.6,1728752400,11.5,1728734400,0,0,1003,final,68,1019,0,,207,970,7982,5177,4968,19.6,1728709200,195,6.4,2.5
25,2024-10-13,14.9,40,331,214,113,890,753,30.7,1728849600,6.1,246,4,1728846000,15.9,1728817200,0,0,999,final,65,1016,0,,213,964,7946,5128,5113,22.4,1728795600,246,9.6,3.4
5,2024-10-14,2.6,40,330,212,113,889,748,20.4,1728936000,6,340,4.4,1728914400,8.1,1728964800,0,0,1004,final,45,1021,0,,212,959,7908,5079,5079,15.2,1728882000,340,9.6,3.1
32,2024-10-15,4.2,40,328,210,112,888,743,18.9,1729018800,5.3,104,4.8,1729029600,6.7,1729051200,0,0,1004,final,64,1021,0,,193,954,7871,5031,4626,11.5,1728968400,104,11.6,2.7
0,2024-10-16,1.7,40,326,208,112,886,738,17,1729108800,5.8,124,3.6,1729108800,3,1729080000,0,0,1012,final,63,1029,0,,208,949,7832,4982,4982,9.2,1729054800,124,8.8,2.7
0,2024-10-17,2.6,39,325,206,112,885,733,19.6,1729198800,5.8,57,2.4,1729188000,1.9,1729162800,0,0,1010,final,66,1028,0,,206,944,7793,4934,4934,10,1729141200,57,6,1.8
3,2024-10-18,3.8,39,323,204,112,884,728,22.6,1729281600,5.7,114,2.4,1729285200,3.7,1729252800,0,0,1012,final,62,1029,0,,203,939,7753,4886,4882,12.2,1729227600,114,6,2
11,2024-10-19,5.6,39,321,202,111,883,723,23.7,1729368000,5.6,107,2.4,1729364400,5.2,1729328400,0,0,1014,final,67,1031,0,,202,934,7713,4838,4837,13.1,1729314000,107,5.6,1.7
0,2024-10-20,6,39,320,200,111,882,718,25.6,1729458000,5.6,119,2,1729458000,4.1,1729425600,0,0,1012,final,68,1029,0,,200,929,7673,4791,4791,13.6,1729400400,119,3.6,1.1
0,2024-10-21,5.9,38,318,198,111,880,713,27.4,1729540800,5.5,117,2,1729537200,5.2,1729512000,0,0,1007,final,63,1024,0,,198,923,7632,4744,4744,15,1729486800,117,4.8,1.4
1,2024-10-22,7.2,38,316,196,110,879,708,27.4,1729627200,5.4,170,3.6,1729616400,7.8,1729594800,0,0,1005,final,59,1022,0,,196,918,7591,4697,4697,16.9,1729573200,170,9.2,2.9
6,2024-10-23,11.3,38,315,194,110,878,703,30.4,1729710000,5.3,214,3.6,1729706400,11.9,1729677600,0,0,1003,final,59,1020,0,,194,912,7550,4650,4650,20.3,1729659600,214,7.6,2.7
2,2024-10-24,11.5,38,313,192,110,877,698,28.9,1729800000,5.3,96,3.2,1729785600,13,1729771200,0,0,1002,final,61,1019,0,,192,907,7510,4604,4604,20,1729746000,96,6,2.2
3,2024-10-25,13.1,38,311,190,110,875,693,30.7,1729886400,5.2,205,3.6,1729882800,14.4,1729857600,0,0,1003,final,65,1020,0,,190,901,7471,4558,4558,21.3,1729832400,205,9.2,2.7
38,2024-10-26,13.7,37,310,188,109,874,688,23.3,1729965600,3.4,77,3.2,1729969200,13.3,1729944000,1.8,1.8,1007,final,75,1024,0,,163,896,7433,4513,3919,18.2,1729918800,77,8,2.2
2,2024-10-27,9.5,37,308,186,109,873,683,24.8,1730059200,5.1,38,2.8,1730059200,10.7,1730030400,0,0,1007,final,64,1024,0,,186,890,7397,4468,4468,16.8,1730005200,38,5.6,1.9
33,2024-10-28,14,37,307,184,109,872,678,28.5,1730145600,3.5,154,4.8,1730174400,12.2,1730106000,0,0,1005,final,73,1022,0,,155,884,7364,4424,3710,19.7,1730091600,154,8.4,3
10,2024-10-29,15.6,37,306,182,109,870,673,27.4,1730232000,4.9,166,4.8,1730232000,16.7,1730199600,0,0,1006,final,71,1023,0,,182,879,7334,4380,4378,21.4,1730178000,166,11.2,4
11,2024-10-30,15.7,36,304,181,108,869,668,26.7,1730307600,4.5,157,4.8,1730311200,16.3,1730286000,0,0,1006,final,72,1023,0,,181,873,7306,4337,4336,21.2,1730264400,157,10.8,4.1
80,2024-10-31,17.8,36,303,179,108,868,663,23.7,1730394000,2,185,5.6,1730390400,17.8,1730426400,14.3,14.3,1003,final,87,1019,0,,60,869,7279,4294,1441,20.3,1730350800,185,17.2,3.7
76,2024-11-01,15.2,36,302,177,108,866,659,21.1,1730491200,1.5,93,2.8,1730473200,14.4,1730520000,0,0,1006,final,88,1023,0,,45,865,7251,4252,1068,17.3,1730437200,93,7.6,2.2
62,2024-11-02,14.1,36,301,175,107,865,654,24.4,1730581200,3,80,2.8,1730581200,11.5,1730548800,0,0,1007,final,83,1023,0,,152,861,7223,4210,3651,17.2,1730523600,80,4.8,1.9
83,2024-11-03,16.6,34,288,167,107,864,649,26.3,1730664000,3.3,148,6,1730660400,15.9,1730620800,0,0,1001,final,78,1018,0,,133,857,7195,4169,3319,20.8,1730610000,148,12.4,4.1
85,2024-11-04,17.3,36,299,172,107,862,645,24.8,1730754000,1.5,156,7.2,1730718000,20.7,1730782800,0,0,1000,final,74,1016,0,,60,853,7167,4128,1441,22.2,1730700000,156,16,5.7
57,2024-11-05,18.1,35,297,170,107,861,640,24.8,1730829600,3,163,6.8,1730822400,19.6,1730804400,0.3,0.3,997,final,80,1013,0,,133,849,7139,4087,3197,21.8,1730786400,163,17.6,5.3
79,2024-11-06,20.4,35,296,169,106,860,635,25.2,1730926800,2.4,178,4.8,1730905200,19.6,1730955600,3.8,3.8,999,final,93,1016,0,,71,845,7110,4047,1711,21.7,1730872800,178,11.6,1.9
97,2024-11-07,18.5,35,295,167,106,858,631,22.2,1731002400,1.4,39,3.2,1731038400,15.9,1731042000,0,0,1004,final,97,1020,0,,22,841,7082,4008,521,18.9,1730959200,39,6.8,2.3
82,2024-11-08,14.5,35,294,165,106,857,626,20,1731099600,1.7,45,3.6,1731088800,14.8,1731128400,0,0,1004,final,87,1021,0,,67,837,7053,3969,1611,16.7,1731045600,45,8.4,2.8
93,2024-11-09,15.3,35,293,164,106,856,622,20.4,1731214800,1.4,107,4.8,1731204000,13.7,1731157200,28,28,1001,final,92,1018,0,,27,833,7024,3931,639,16.6,1731132000,107,9.2,3.1
83,2024-11-10,19.6,35,291,162,105,854,618,24.4,1731268800,2,202,4.8,1731261600,17.4,1731290400,3.3,3.3,999,final,92,1016,0,,64,829,6995,3893,1535,21,1731218400,202,10.8,2.8
41,2024-11-11,12.5,34,290,161,105,853,614,22.2,1731355200,4.3,229,3.2,1731355200,11.1,1731387600,0,0,999,final,79,1016,0,,148,825,6966,3856,3552,16.7,1731304800,229,6,2.2
54,2024-11-12,8.5,34,289,159,105,852,609,21.9,1731441600,4,47,3.6,1731427200,9.6,1731409200,0,0,1002,final,71,1019,0,,128,822,6937,3820,3071,14.2,1731391200,47,7.2,2.9
81,2024-11-13,12.5,34,288,158,104,850,605,17.8,1731538800,1.3,147,6,1731542400,10.4,1731481200,22.3,22.3,998,final,88,1015,0,,24,818,6909,3784,570,14.5,1731477600,147,16.8,4.4
49,2024-11-14,10.7,34,287,156,104,849,601,17,1731564000,1.7,298,4,1731614400,10,1731646800,0,0,999,final,82,1015,0,,89,814,6880,3749,2143,13.9,1731564000,298,11.2,3.1
10,2024-11-15,7.4,34,285,155,104,848,597,16.3,1731704400,3.8,114,2.8,1731697200,7,1731668400,0,0,1003,final,81,1020,0,,154,810,6851,3714,3689,10.8,1731650400,114,6,2
25,2024-11-16,7,34,284,153,104,847,593,19.3,1731790800,4,124,2.8,1731780000,4.1,1731754800,0,0,1001,final,80,1019,0,,153,807,6822,3680,3672,10.7,1731736800,124,4.8,2
67,2024-11-17,11.3,33,283,152,103,845,590,22.2,1731873600,1.7,169,3.2,1731873600,7,1731830400,0,0,1001,final,84,1018,0,,67,803,6793,3647,1597,14.2,1731823200,169,6.8,2.6
76,2024-11-18,14.5,33,282,151,103,844,586,23.7,1731956400,2.3,159,6.4,1731981600,14.8,1731931200,0.5,0.5,995,final,75,1012,0,,127,799,6765,3615,3059,19.3,1731909600,159,14,4.4
58,2024-11-19,15.7,33,281,149,103,843,582,23,1731996000,3,215,7.2,1731996000,13.3,1732064400,4.3,4.3,991,final,85,1007,0,,98,796,6736,3584,2360,18.5,1731996000,215,14.4,2.4
3,2024-11-20,2.5,33,280,148,103,842,579,15.9,1732132800,3.9,292,6.4,1732118400,7,1732154400,0,0,999,final,57,1016,0,,148,792,6708,3553,3553,12,1732082400,292,14,4.3
0,2024-11-21,-3.7,33,278,147,103,841,575,12.2,1732208400,4,289,7.2,1732208400,4.8,1732240800,0,0,999,final,45,1017,0,0,147,788,6680,3523,3523,7.7,1732168800,289,16.8,4.9
15,2024-11-22,0.2,33,277,146,102,839,572,11.5,1732305600,3.8,314,4.8,1732262400,2.6,1732276800,0,0,1002,final,66,1020,0,0,145,785,6652,3494,3486,6.3,1732255200,314,9.6,3.3
11,2024-11-23,2.4,33,276,144,102,838,569,14.4,1732395600,3.9,250,2.4,1732395600,0,1732363200,0,0,1003,final,78,1020,0,0,144,782,6625,3466,3465,6.4,1732341600,250,5.2,1.6
54,2024-11-24,4,32,275,143,102,837,566,20,1732478400,1.7,183,5.2,1732471200,2.2,1732449600,0,0,1000,final,68,1017,0,0,81,778,6598,3438,1936,10.7,1732428000,183,9.6,3.6
76,2024-11-25,13.9,32,274,142,102,836,563,21.5,1732564800,2.3,230,6.4,1732554000,11.5,1732514400,1,1,999,final,83,1016,0,0,72,775,6571,3412,1727,16.9,1732514400,230,13.2,4.4
44,2024-11-26,2.3,32,273,141,102,835,560,13.3,1732651200,3.8,88,4.4,1732604400,4.1,1732683600,0,0,1005,final,67,1022,0,0,141,772,6544,3386,3381,8.5,1732600800,88,9.6,2.6
98,2024-11-27,6.8,32,272,140,101,834,557,13.7,1732741200,1.2,180,5.2,1732752000,3,1732705200,1.5,1.5,994,final,86,1011,0,0,31,769,6518,3362,751,9,1732687200,180,9.6,3.3
83,2024-11-28,2.9,32,271,139,101,833,554,10.7,1732773600,2.1,334,4.4,1732791600,2.2,1732856400,0,0,1000,final,75,1018,0,0,81,766,6493,3338,1934,7.2,1732773600,334,10.4,3.6
9,2024-11-29,-4.8,32,269,138,101,832,551,7.4,1732906800,3.7,323,3.6,1732906800,-3.3,1732942800,0,0,1009,final,63,1027,0,0,138,763,6468,3315,3315,2.1,1732860000,323,8.8,2.8
33,2024-11-30,-5.4,32,268,137,101,832,549,9.3,1733000400,3.7,201,3.2,1732993200,-4.4,1732968000,0,0,1009,final,63,1026,0,0,122,760,6443,3293,2932,2.2,1732946400,201,6.8,2.1
35,2024-12-01,-2.1,32,267,136,101,831,547,8.9,1733079600,3.2,298,3.2,1733079600,0,1733040000,0,0,1008,final,69,1025,0,,112,757,6419,3272,2688,3.4,1733032800,298,7.6,2.4
27,2024-12-02,-3.6,31,267,136,101,830,544,8.1,1733169600,3.2,194,4.8,1733194800,-3.7,1733140800,0,0,1012,final,70,1030,0,,135,754,6396,3253,3251,1.8,1733119200,194,10.4,2.4
22,2024-12-03,-6.4,31,266,135,100,829,542,4.1,1733259600,3.2,72,4.4,1733205600,-3.3,1733223600,0,0,1016,final,65,1035,0,,135,751,6374,3234,3229,-0.4,1733205600,72,9.6,2.1
44,2024-12-04,-1.8,31,265,134,100,828,540,11.9,1733342400,2.1,208,5.2,1733342400,-2.6,1733292000,0,0,1006,final,63,1024,0,,78,749,6352,3216,1865,5.3,1733292000,208,11.6,4.2
3,2024-12-05,-6.7,31,264,133,100,828,538,7.8,1733378400,3.1,234,5.2,1733410800,-4.8,1733461200,0,0,1009,final,56,1026,0,,133,746,6331,3199,3199,2.1,1733378400,234,13.6,4.1
0,2024-12-06,-11.9,31,263,133,100,827,536,4.4,1733518800,3.1,156,3.2,1733464800,-6.7,1733486400,0,0,1014,final,50,1032,0,,133,744,6311,3183,3183,-2,1733464800,156,6.4,1.7
4,2024-12-07,-7.6,31,262,132,100,826,535,13.3,1733601600,3.1,200,4.4,1733605200,-5.2,1733565600,0,0,1010,final,50,1027,0,,132,741,6292,3168,3168,3.5,1733551200,200,7.2,2.7
93,2024-12-08,4.2,31,261,131,100,826,533,12.6,1733720400,1,190,5.2,1733713200,4.8,1733637600,29.3,29.3,1002,final,75,1019,0,,31,739,6274,3155,739,8.8,1733637600,190,13.6,3.8
74,2024-12-09,13,31,261,131,100,825,532,18.9,1733774400,2,187,5.2,1733724000,13.3,1733792400,5.3,5.3,995,final,89,1012,0,,87,737,6257,3142,2082,15,1733724000,187,17.2,2.8
89,2024-12-10,10,31,260,130,100,825,530,15.9,1733817600,1.2,305,4.8,1733893200,6.3,1733893200,1.5,1.5,996,final,84,1013,0,,48,735,6242,3131,1162,12.6,1733810400,305,10.8,3
24,2024-12-11,-2.3,31,259,130,100,825,529,8.5,1733940000,2.9,291,5.2,1733943600,0.7,1733979600,0,0,1005,final,62,1022,0,,129,733,6228,3120,3107,4.7,1733896800,291,14,3.7
29,2024-12-12,-3.8,30,259,130,99,824,528,11.9,1734037200,2.3,197,3.6,1734026400,-2.6,1734004800,0,0,1013,final,60,1030,0,,78,731,6215,3111,1880,3.9,1733983200,197,8,2.7
58,2024-12-13,-0.4,30,259,129,99,824,527,11.9,1734123600,1.2,136,3.6,1734112800,1.1,1734087600,0,0,1015,final,66,1032,0,,46,729,6204,3102,1095,5.9,1734069600,136,6.4,2.6
93,2024-12-14,5.7,30,258,129,99,824,526,14.8,1734202800,1,151,6,1734231600,4.4,1734156000,13,13,1011,final,74,1028,0,,37,728,6195,3095,881,10.4,1734156000,151,18,4.6
99,2024-12-15,13,30,258,129,99,824,526,14.8,1734325200,0.9,168,5.2,1734242400,12.6,1734267600,2.5,2.5,1007,final,96,1025,0,,13,726,6188,3089,309,13.6,1734242400,168,10.8,3.9
100,2024-12-16,15.4,30,258,129,99,823,525,17,1734382800,0.9,190,6,1734328800,14.8,1734343200,18.5,18.5,1005,final,96,1022,0,,13,725,6182,3084,308,16,1734328800,190,12.8,4
100,2024-12-17,12.1,30,257,128,99,823,525,16.7,1734469200,0.9,122,4,1734418800,11.1,1734447600,0.5,0.5,1007,final,91,1024,0,,29,724,6178,3080,702,13.5,1734415200,122,7.2,2.4
74,2024-12-18,10,30,257,128,99,823,525,15.6,1734519600,0.9,205,5.6,1734555600,5.9,1734584400,12.8,12.8,1006,final,88,1023,0,,15,722,6176,3077,366,11.9,1734501600,205,17.2,4
13,2024-12-19,1.5,30,257,128,99,823,524,10.4,1734642000,3,143,3.2,1734602400,3,1734670800,0,0,1008,final,77,1025,0,,127,721,6176,3076,3056,5.5,1734588000,143,6,1.9
47,2024-12-20,-1.8,30,257,128,99,823,524,5.2,1734706800,2.8,311,6,1734706800,0.7,1734681600,0,0,1007,final,72,1025,0,,99,721,6177,3075,2378,3.1,1734674400,311,14.4,4.3
32,2024-12-21,-4.1,30,257,128,99,823,524,5.6,1734814800,2.2,158,3.2,1734796800,-1.5,1734843600,0,0,1012,final,67,1030,0,,115,720,6179,3076,2762,1.5,1734760800,158,8.8,2.6
0,2024-12-22,-5.4,30,258,128,99,824,525,8.9,1734897600,3,92,3.2,1734883200,-3.3,1734868800,0,0,1012,final,62,1030,0,,128,721,6181,3077,3077,1.9,1734847200,92,5.6,2
31,2024-12-23,-2.1,30,258,128,99,824,525,13,1734984000,2.2,168,4,1734973200,0.4,1734951600,0,0,1010,final,56,1028,0,,123,721,6185,3080,2947,6.3,1734933600,168,9.2,3.4
72,2024-12-24,-0.1,30,258,128,99,824,526,15.6,1735070400,2,149,3.6,1735052400,5.2,1735030800,0,0,1008,final,53,1025,0,,119,722,6189,3083,2846,9.3,1735020000,149,6.4,2.6
95,2024-12-25,1.8,30,258,129,99,825,526,15.9,1735156800,0.9,138,3.6,1735149600,6.3,1735110000,0,0,1004,final,54,1021,0,,42,722,6194,3088,996,10.7,1735106400,138,8.4,3
90,2024-12-26,5.5,30,258,129,99,825,527,14.8,1735272000,1.6,138,4.8,1735275600,10.4,1735225200,0.3,0.3,1003,final,63,1020,0,,76,723,6200,3093,1817,12.4,1735192800,138,11.2,3.5
93,2024-12-27,11.8,30,259,129,100,825,528,18.1,1735329600,0.9,159,6.4,1735293600,11.5,1735282800,8.5,8.5,996,final,87,1013,0,,31,724,6206,3100,749,14.1,1735279200,159,19.6,5.2
99,2024-12-28,15.5,30,259,129,100,826,529,18.1,1735423200,0.9,147,10,1735437600,15.6,1735365600,32,32,995,final,94,1012,0,,15,725,6213,3108,362,16.4,1735365600,147,21.6,4.5
66,2024-12-29,10.5,30,259,130,100,826,530,16.7,1735452000,2,237,8,1735473600,10.7,1735534800,2,2,991,final,82,1008,0,,96,726,6221,3117,2302,13.6,1735452000,237,18.4,5
30,2024-12-30,8.7,30,260,130,100,827,531,17.8,1735592400,3.1,192,6,1735617600,8.9,1735560000,0,0,992,final,76,1009,0,,130,727,6230,3126,3126,13.2,1735538400,192,13.2,3.7
