date,city,max_wind_spd,precip,max_temp,min_temp,max_wind_speed
2024-07-01,Selmer,3.6,0.0,30.4,20.7,
2024-07-02,Selmer,3.6,0.0,35.9,18.1,
2024-07-03,Selmer,4.0,0.0,35.6,25.6,
2024-07-04,Selmer,2.8,0.3,36.7,25.2,
2024-07-05,Selmer,4.8,1.5,31.9,24.4,
2024-07-06,Selmer,3.2,0.0,31.1,21.9,
2024-07-07,Selmer,2.4,0.0,33.3,20.7,
2024-07-08,Selmer,3.6,48.5,33.7,24.1,
2024-07-09,Selmer,6.4,12.5,31.9,22.6,
2024-07-10,Selmer,4.4,0.0,31.9,20.0,
2024-07-11,Selmer,2.4,0.0,33.3,18.9,
2024-07-12,Selmer,2.8,0.0,34.8,21.1,
2024-07-13,Selmer,2.8,0.0,35.2,21.9,
2024-07-14,Selmer,2.8,0.0,35.6,23.3,
2024-07-15,Selmer,2.8,0.0,34.8,23.3,
2024-07-16,Selmer,3.6,0.0,34.8,24.4,
2024-07-17,Selmer,4.8,0.0,34.4,24.4,
2024-07-18,Selmer,4.0,0.0,30.7,23.3,
2024-07-19,Selmer,3.6,1.3,28.1,21.1,
2024-07-20,Selmer,2.0,1.5,31.9,21.5,
2024-07-21,Selmer,2.4,5.0,33.0,22.6,
2024-07-22,Selmer,2.0,0.0,31.1,21.5,
2024-07-23,Selmer,1.6,8.3,25.9,22.6,
2024-07-24,Selmer,2.0,0.0,27.8,22.6,
2024-07-25,Selmer,2.0,1.0,29.3,22.6,
2024-07-26,Selmer,2.0,10.3,27.4,22.2,
2024-07-27,Selmer,2.0,7.3,29.3,23.0,
2024-07-28,Selmer,3.2,0.5,28.1,23.7,
2024-07-29,Selmer,3.6,0.5,31.9,23.3,
2024-07-30,Selmer,4.0,0.0,34.8,24.8,
2024-08-01,Selmer,4.0,0.0,34.8,25.2,
2024-08-02,Selmer,4.8,0.0,34.8,24.4,
2024-08-03,Selmer,2.4,0.0,33.0,22.2,
2024-08-04,Selmer,2.8,0.0,34.4,21.5,
2024-08-05,Selmer,2.8,0.0,35.6,23.0,
2024-08-06,Selmer,3.2,0.0,35.2,23.3,
2024-08-07,Selmer,3.2,0.0,31.1,22.6,
2024-08-08,Selmer,4.4,0.0,30.7,21.9,
2024-08-09,Selmer,3.6,0.0,32.2,20.0,
2024-08-10,Selmer,3.6,0.0,30.0,17.8,
2024-08-11,Selmer,2.8,0.0,30.4,17.4,
2024-08-12,Selmer,2.4,0.0,30.7,19.6,
2024-08-13,Selmer,2.4,0.0,32.6,20.7,
2024-08-14,Selmer,2.4,12.0,29.3,23.0,
2024-08-15,Selmer,2.8,0.0,35.2,21.1,
2024-08-16,Selmer,4.4,0.0,34.8,24.4,
2024-08-17,Selmer,3.2,0.0,35.2,23.0,
2024-08-18,Selmer,4.8,0.0,34.4,22.6,
2024-08-19,Selmer,4.0,0.0,32.2,20.0,
2024-08-20,Selmer,4.0,0.0,29.6,18.1,
2024-08-21,Selmer,3.6,0.0,28.9,14.1,
2024-08-22,Selmer,3.2,0.0,33.0,15.2,
2024-08-23,Selmer,4.4,0.0,33.3,20.4,
2024-08-24,Selmer,3.6,0.0,34.1,18.9,
2024-08-25,Selmer,3.6,0.0,35.6,16.7,
2024-08-26,Selmer,3.2,0.0,36.7,18.1,
2024-08-27,Selmer,2.8,0.0,37.8,18.9,
2024-08-28,Selmer,2.4,0.0,38.9,20.0,
2024-08-29,Selmer,4.8,19.3,37.0,23.0,
2024-08-30,Selmer,2.8,13.5,34.8,22.2,
2024-09-01,Selmer,2.0,1.8,28.9,20.7,
2024-09-02,Selmer,4.0,0.0,31.9,19.6,
2024-09-03,Selmer,4.0,0.0,32.2,17.4,
2024-09-04,Selmer,3.6,1.0,31.1,22.6,
2024-09-05,Selmer,2.8,0.3,32.6,21.1,
2024-09-06,Selmer,3.2,0.0,31.1,21.1,
2024-09-07,Selmer,4.8,0.0,27.4,17.0,
2024-09-08,Selmer,3.6,0.0,27.4,11.5,
2024-09-09,Selmer,3.2,0.0,30.7,11.1,
2024-09-10,Selmer,3.2,0.0,32.6,15.6,
2024-09-11,Selmer,4.0,0.0,33.0,17.4,
2024-09-12,Selmer,7.6,23.7,23.7,18.1,
2024-09-13,Selmer,4.8,49.7,24.8,20.7,
2024-09-14,Selmer,4.8,29.1,22.6,21.1,
2024-09-15,Selmer,4.8,16.3,26.3,20.4,
2024-09-16,Selmer,4.0,1.3,28.5,20.7,
2024-09-17,Selmer,2.4,0.0,30.7,17.4,
2024-09-18,Selmer,2.4,0.0,29.3,15.9,
2024-09-19,Selmer,1.6,0.0,30.7,17.4,
2024-09-20,Selmer,2.0,0.0,33.0,18.5,
2024-09-21,Selmer,2.4,1.8,32.2,21.1,
2024-09-22,Selmer,2.8,0.0,32.6,21.5,
2024-09-23,Selmer,2.0,0.0,30.7,21.5,
2024-09-24,Selmer,4.0,8.5,28.5,21.1,
2024-09-25,Selmer,2.8,0.0,25.2,17.8,
2024-09-26,Selmer,4.0,0.0,27.4,15.6,
2024-09-27,Selmer,6.8,21.3,20.0,17.8,
2024-09-28,Selmer,5.6,0.0,19.6,16.3,
2024-09-29,Selmer,3.2,0.0,23.7,18.1,
2024-10-01,Selmer,4.4,0.0,28.9,18.5,
2024-10-02,Selmer,3.6,0.3,26.3,14.1,
2024-10-03,Selmer,2.0,0.0,29.3,12.2,
2024-10-04,Selmer,2.4,0.0,31.1,16.7,
2024-10-05,Selmer,2.4,0.0,31.9,17.0,
2024-10-06,Selmer,3.2,0.0,32.2,16.7,
2024-10-07,Selmer,3.6,0.0,25.6,14.8,
2024-10-08,Selmer,3.6,0.0,25.2,10.0,
2024-10-09,Selmer,3.6,0.0,27.4,9.6,
2024-10-10,Selmer,3.2,0.0,28.1,10.7,
2024-10-11,Selmer,2.4,0.0,28.1,10.7,
2024-10-12,Selmer,3.6,0.0,29.3,11.5,
2024-10-13,Selmer,4.0,0.0,30.7,15.9,
2024-10-14,Selmer,4.4,0.0,20.4,8.1,
2024-10-15,Selmer,4.8,0.0,18.9,6.7,
2024-10-16,Selmer,3.6,0.0,17.0,3.0,
2024-10-17,Selmer,2.4,0.0,19.6,1.9,
2024-10-18,Selmer,2.4,0.0,22.6,3.7,
2024-10-19,Selmer,2.4,0.0,23.7,5.2,
2024-10-20,Selmer,2.0,0.0,25.6,4.1,
2024-10-21,Selmer,2.0,0.0,27.4,5.2,
2024-10-22,Selmer,3.6,0.0,27.4,7.8,
2024-10-23,Selmer,3.6,0.0,30.4,11.9,
2024-10-24,Selmer,3.2,0.0,28.9,13.0,
2024-10-25,Selmer,3.6,0.0,30.7,14.4,
2024-10-26,Selmer,3.2,1.8,23.3,13.3,
2024-10-27,Selmer,2.8,0.0,24.8,10.7,
2024-10-28,Selmer,4.8,0.0,28.5,12.2,
2024-10-29,Selmer,4.8,0.0,27.4,16.7,
2024-10-30,Selmer,4.8,0.0,26.7,16.3,
2024-11-01,Selmer,2.8,0.0,21.1,14.4,
2024-11-02,Selmer,2.8,0.0,24.4,11.5,
2024-11-03,Selmer,6.0,0.0,26.3,15.9,
2024-11-04,Selmer,7.2,0.0,24.8,20.7,
2024-11-05,Selmer,6.8,0.3,24.8,19.6,
2024-11-06,Selmer,4.8,3.8,25.2,19.6,
2024-11-07,Selmer,3.2,0.0,22.2,15.9,
2024-11-08,Selmer,3.6,0.0,20.0,14.8,
2024-11-09,Selmer,4.8,28.0,20.4,13.7,
2024-11-10,Selmer,4.8,3.3,24.4,17.4,
2024-11-11,Selmer,3.2,0.0,22.2,11.1,
2024-11-12,Selmer,3.6,0.0,21.9,9.6,
2024-11-13,Selmer,6.0,22.3,17.8,10.4,
2024-11-14,Selmer,4.0,0.0,17.0,10.0,
2024-11-15,Selmer,2.8,0.0,16.3,7.0,
2024-11-16,Selmer,2.8,0.0,19.3,4.1,
2024-11-17,Selmer,3.2,0.0,22.2,7.0,
2024-11-18,Selmer,6.4,0.5,23.7,14.8,
2024-11-19,Selmer,7.2,4.3,23.0,13.3,
2024-11-20,Selmer,6.4,0.0,15.9,7.0,
2024-11-21,Selmer,7.2,0.0,12.2,4.8,
2024-11-22,Selmer,4.8,0.0,11.5,2.6,
2024-11-23,Selmer,2.4,0.0,14.4,0.0,
2024-11-24,Selmer,5.2,0.0,20.0,2.2,
2024-11-25,Selmer,6.4,1.0,21.5,11.5,
2024-11-26,Selmer,4.4,0.0,13.3,4.1,
2024-11-27,Selmer,5.2,1.5,13.7,3.0,
2024-11-28,Selmer,4.4,0.0,10.7,2.2,
2024-11-29,Selmer,3.6,0.0,7.4,-3.3,
2024-12-01,Selmer,3.2,0.0,8.9,0.0,
2024-12-02,Selmer,4.8,0.0,8.1,-3.7,
2024-12-03,Selmer,4.4,0.0,4.1,-3.3,
2024-12-04,Selmer,5.2,0.0,11.9,-2.6,
2024-12-05,Selmer,5.2,0.0,7.8,-4.8,
2024-12-06,Selmer,3.2,0.0,4.4,-6.7,
2024-12-07,Selmer,4.4,0.0,13.3,-5.2,
2024-12-08,Selmer,5.2,29.3,12.6,4.8,
2024-12-09,Selmer,5.2,5.3,18.9,13.3,
2024-12-10,Selmer,4.8,1.5,15.9,6.3,
2024-12-11,Selmer,5.2,0.0,8.5,0.7,
2024-12-12,Selmer,3.6,0.0,11.9,-2.6,
2024-12-13,Selmer,3.6,0.0,11.9,1.1,
2024-12-14,Selmer,6.0,13.0,14.8,4.4,
2024-12-15,Selmer,5.2,2.5,14.8,12.6,
2024-12-16,Selmer,6.0,18.5,17.0,14.8,
2024-12-17,Selmer,4.0,0.5,16.7,11.1,
2024-12-18,Selmer,5.6,12.8,15.6,5.9,
2024-12-19,Selmer,3.2,0.0,10.4,3.0,
2024-12-20,Selmer,6.0,0.0,5.2,0.7,
2024-12-21,Selmer,3.2,0.0,5.6,-1.5,
2024-12-22,Selmer,3.2,0.0,8.9,-3.3,
2024-12-23,Selmer,4.0,0.0,13.0,0.4,
2024-12-24,Selmer,3.6,0.0,15.6,5.2,
2024-12-25,Selmer,3.6,0.0,15.9,6.3,
2024-12-26,Selmer,4.8,0.3,14.8,10.4,
2024-12-27,Selmer,6.4,8.5,18.1,11.5,
2024-12-28,Selmer,10.0,32.0,18.1,15.6,
2024-12-29,Selmer,8.0,2.0,16.7,10.7,
2024-12-30,Selmer,6.0,0.0,17.8,8.9,
2025-01-01,Selmer,3.6,0.0,6.3,-1.5,
2025-01-02,Selmer,2.8,0.0,9.6,-2.6,
2025-01-03,Selmer,4.4,0.0,8.5,0.4,
2025-01-04,Selmer,3.2,0.0,7.0,-2.2,
2025-01-05,Selmer,6.8,19.3,14.1,4.4,
2025-01-06,Selmer,6.4,0.0,5.2,-3.0,
2025-01-07,Selmer,4.0,0.0,-0.7,-2.2,
2025-01-08,Selmer,3.6,0.0,0.7,-5.9,
2025-01-09,Selmer,2.4,0.0,3.7,-9.6,
2025-01-10,Selmer,3.6,16.5,0.7,-1.1,
2025-01-11,Selmer,3.6,0.0,3.7,-2.6,
2025-01-12,Selmer,3.6,0.0,8.1,-3.7,
2025-01-13,Selmer,3.6,0.0,5.9,-3.3,
2025-01-14,Selmer,2.8,0.0,10.4,-4.8,
2025-01-15,Selmer,2.8,0.0,8.5,-3.0,
2025-01-16,Selmer,4.4,0.0,13.3,-0.4,
2025-01-17,Selmer,5.6,2.8,15.6,-0.7,
2025-01-18,Selmer,5.2,2.0,11.1,2.6,
2025-01-19,Selmer,5.6,0.0,2.2,-7.0,
2025-01-20,Selmer,3.6,0.0,-3.3,-11.1,
2025-01-21,Selmer,4.0,0.0,-4.1,-11.5,
2025-01-22,Selmer,3.2,0.0,1.1,-13.0,
2025-01-23,Selmer,3.2,0.0,7.4,-5.9,
2025-01-24,Selmer,3.2,0.0,3.3,-4.4,
2025-01-25,Selmer,4.0,0.0,11.9,-4.1,
2025-01-26,Selmer,3.6,3.3,7.8,3.0,
2025-01-27,Selmer,3.2,2.3,9.6,0.0,
2025-01-28,Selmer,4.0,0.0,15.2,-1.5,
2025-01-29,Selmer,4.0,0.0,18.5,4.1,
2025-01-30,Selmer,5.6,14.8,17.0,8.5,
2025-02-01,Selmer,3.2,0.0,13.7,7.0,
2025-02-02,Selmer,4.4,0.0,21.1,4.1,
2025-02-03,Selmer,5.2,0.0,23.0,8.9,
2025-02-04,Selmer,3.2,0.0,16.7,9.6,
2025-02-05,Selmer,4.4,0.3,21.9,8.9,
2025-02-06,Selmer,5.2,0.3,21.1,10.0,
2025-02-07,Selmer,4.4,0.5,11.9,8.9,
2025-02-08,Selmer,6.8,4.5,22.6,10.0,
2025-02-09,Selmer,4.8,0.5,9.6,2.6,
2025-02-10,Selmer,3.6,0.0,9.3,1.1,
2025-02-11,Selmer,2.8,26.8,8.1,5.2,
2025-02-12,Selmer,4.8,14.8,13.3,4.8,
2025-02-13,Selmer,4.4,0.0,4.8,-2.2,
2025-02-14,Selmer,5.6,0.0,8.5,-3.3,
2025-02-15,Selmer,6.8,25.5,20.0,10.0,
2025-02-16,Selmer,6.8,0.0,12.2,-1.5,
2025-02-17,Selmer,3.6,0.0,5.2,-3.7,
2025-02-18,Selmer,5.6,5.5,4.1,-2.2,
2025-02-19,Selmer,4.8,0.8,-2.2,-6.3,
2025-02-20,Selmer,4.4,0.0,-3.7,-11.1,
2025-02-21,Selmer,2.8,0.0,3.0,-11.5,
2025-02-22,Selmer,2.0,0.0,7.4,-4.8,
2025-02-23,Selmer,2.0,0.0,11.5,-5.2,
2025-02-24,Selmer,4.0,0.0,17.0,-1.5,
2025-02-25,Selmer,3.6,0.0,23.0,3.7,
2025-02-26,Selmer,5.2,0.0,25.6,5.9,
2025-02-27,Selmer,4.8,0.0,19.6,9.6,
2025-03-01,Selmer,5.6,0.0,14.8,3.3,
2025-03-02,Selmer,3.2,0.0,10.7,-1.9,
2025-03-03,Selmer,4.4,0.0,19.3,1.9,
2025-03-04,Selmer,8.4,10.0,20.0,11.5,
2025-03-05,Selmer,8.0,0.0,12.6,3.7,
2025-03-06,Selmer,4.8,0.0,11.9,0.4,
2025-03-07,Selmer,6.4,0.0,18.9,4.1,
2025-03-08,Selmer,4.8,1.0,16.7,8.9,
2025-03-09,Selmer,3.6,0.8,18.1,6.7,
2025-03-10,Selmer,3.2,0.0,21.5,4.4,
2025-03-11,Selmer,4.0,0.0,26.3,5.2,
2025-03-12,Selmer,4.8,0.0,26.3,10.4,
2025-03-13,Selmer,4.0,0.8,23.0,15.9,
2025-03-14,Selmer,7.6,0.0,26.7,15.6,
2025-03-15,Selmer,8.0,58.3,24.1,15.9,
2025-03-16,Selmer,5.6,0.0,15.9,7.4,
2025-03-17,Selmer,4.0,0.0,18.1,0.0,
2025-03-18,Selmer,6.0,0.0,25.2,7.8,
2025-03-19,Selmer,8.8,1.0,23.7,14.4,
2025-03-20,Selmer,7.6,0.0,11.1,4.1,
2025-03-21,Selmer,4.4,0.0,17.8,-1.5,
2025-03-22,Selmer,4.4,0.0,21.5,7.8,
2025-03-23,Selmer,6.8,7.5,22.2,10.0,
2025-03-24,Selmer,4.0,0.0,21.1,9.3,
2025-03-25,Selmer,4.8,0.0,24.8,11.1,
2025-03-26,Selmer,4.4,0.0,23.0,8.5,
2025-03-27,Selmer,4.0,0.0,27.0,8.5,
2025-03-28,Selmer,4.4,0.0,27.0,15.6,
2025-03-29,Selmer,6.4,6.0,23.7,18.9,
2025-03-30,Selmer,6.4,3.8,25.6,18.9,
2025-04-01,Selmer,4.8,0.0,21.9,5.6,
2025-04-02,Selmer,10.0,0.0,28.9,18.5,
2025-04-03,Selmer,6.0,72.5,24.8,18.5,
2025-04-04,Selmer,6.0,0.0,30.4,19.6,
2025-04-05,Selmer,6.8,38.8,26.7,15.9,
2025-04-06,Selmer,5.2,13.5,18.9,10.0,
2025-04-07,Selmer,4.0,0.0,14.4,7.0,
2025-04-08,Selmer,4.0,0.0,13.3,4.8,
2025-04-09,Selmer,4.0,0.0,20.7,3.0,
2025-04-10,Selmer,5.2,2.3,27.0,12.6,
2025-04-11,Selmer,5.2,2.3,18.9,10.0,
2025-04-12,Selmer,2.8,0.0,18.1,4.4,
2025-04-13,Selmer,6.0,0.0,25.2,7.0,
2025-04-14,Selmer,5.6,0.0,29.3,17.4,
2025-04-15,Selmer,5.2,0.0,20.4,10.7,
2025-04-16,Selmer,2.8,0.0,23.3,5.2,
2025-04-17,Selmer,5.6,0.0,27.4,11.9,
2025-04-18,Selmer,6.8,0.0,28.9,18.9,
2025-04-19,Selmer,5.2,0.0,28.5,19.6,
2025-04-20,Selmer,6.4,0.0,28.9,18.1,
2025-04-21,Selmer,6.0,65.3,23.0,18.5,
2025-04-22,Selmer,3.2,0.0,25.9,14.1,
2025-04-23,Selmer,2.8,6.8,25.2,16.3,
2025-04-24,Selmer,3.2,9.8,25.9,17.8,
2025-04-25,Selmer,3.6,6.3,22.6,18.9,
2025-04-26,Selmer,4.0,0.0,24.4,17.4,
2025-04-27,Selmer,3.2,0.3,23.3,14.8,
2025-04-28,Selmer,4.4,0.0,30.4,15.2,
2025-04-29,Selmer,4.8,0.0,28.9,21.5,
2025-05-01,Selmer,5.2,0.0,25.6,18.1,
2025-05-02,Selmer,6.0,12.0,25.2,16.3,
2025-05-03,Selmer,4.4,5.3,20.4,14.1,
2025-05-04,Selmer,4.0,0.3,18.1,10.7,
2025-05-05,Selmer,3.2,0.3,20.0,10.4,
2025-05-06,Selmer,2.8,2.0,24.1,10.4,
2025-05-07,Selmer,4.8,0.3,21.9,15.9,
2025-05-08,Selmer,2.4,25.8,25.6,17.4,
2025-05-09,Selmer,4.0,0.0,22.6,15.2,
2025-05-10,Selmer,4.8,11.7,20.0,14.8,
2025-05-11,Selmer,4.4,5.5,22.6,15.9,
2025-05-12,Selmer,3.6,2.3,23.7,17.0,
2025-05-13,Selmer,2.4,4.0,24.4,16.3,
2025-05-14,Selmer,5.2,0.0,28.1,18.5,
2025-05-15,Selmer,5.2,0.0,29.6,21.1,
2025-05-16,Selmer,7.2,0.0,28.5,24.1,
2025-05-17,Selmer,4.0,0.3,30.7,19.6,
2025-05-18,Selmer,2.0,2.3,27.8,20.0,
2025-05-19,Selmer,4.4,7.8,31.1,20.7,
2025-05-20,Selmer,6.0,7.5,27.8,20.7,
2025-05-21,Selmer,5.6,0.0,28.1,17.0,
2025-05-22,Selmer,4.0,9.3,27.0,17.0,
2025-05-23,Selmer,3.2,0.0,24.4,15.2,
2025-05-24,Selmer,3.2,32.0,22.2,15.6,
2025-05-25,Selmer,2.4,14.6,23.3,16.7,
2025-05-26,Selmer,4.4,11.8,21.5,17.0,
2025-05-27,Selmer,2.0,0.0,23.7,18.1,
2025-05-28,Selmer,2.8,0.0,25.9,18.5,
2025-05-29,Selmer,3.6,1.3,27.0,19.3,
2025-05-30,Selmer,5.2,0.0,24.4,18.1,
2025-06-01,Selmer,2.8,0.0,28.5,16.3,
2025-06-02,Selmer,3.2,0.0,30.0,18.1,
2025-06-03,Selmer,4.4,0.0,30.7,19.3,
2025-06-04,Selmer,3.6,0.0,30.7,21.1,
2025-06-05,Selmer,3.6,1.0,30.0,21.9,
2025-06-06,Selmer,4.0,9.0,33.0,23.0,
2025-06-07,Selmer,5.6,24.3,27.8,22.6,
2025-06-08,Selmer,4.8,0.0,29.6,21.5,
2025-06-09,Selmer,3.2,6.4,27.4,20.7,
2025-06-10,Selmer,2.8,0.0,29.6,17.4,
2025-06-11,Selmer,2.0,0.0,29.6,17.8,
2025-06-12,Selmer,3.2,16.3,31.9,20.0,
2025-06-13,Selmer,4.4,26.2,26.7,21.9,
2025-06-14,Selmer,4.8,29.5,28.1,21.1,
2025-06-15,Selmer,3.2,0.0,30.0,21.9,
2025-06-16,Selmer,4.0,1.8,29.6,21.9,
2025-06-17,Selmer,4.0,10.8,27.8,21.9,
2025-06-18,Selmer,5.2,0.0,30.4,23.0,
2025-06-19,Selmer,4.0,59.5,28.9,21.1,
2025-06-20,Selmer,3.2,0.0,30.4,20.7,
2025-06-21,Selmer,3.2,0.0,33.3,23.3,
2025-06-22,Selmer,2.8,0.0,33.0,23.7,
2025-06-23,Selmer,2.4,0.0,33.3,24.4,
2025-06-24,Selmer,1.6,0.0,33.3,24.1,
2025-06-25,Selmer,1.6,0.0,34.8,24.4,
2025-06-26,Selmer,2.4,0.0,33.0,24.4,
2025-06-27,Selmer,2.4,0.0,31.5,24.1,
2025-06-28,Selmer,2.8,8.0,31.9,22.6,
2025-06-29,Selmer,3.6,7.5,28.5,22.6,
2024-07-01,Atlanta,5.5,0.0,36.1,26.7,
2024-07-02,Atlanta,8.3,0.0,32.2,25.0,
2024-07-03,Atlanta,4.1,0.0,33.3,25.0,
2024-07-04,Atlanta,6.2,9.0,35.6,24.4,
2024-07-05,Atlanta,6.1,12.5,33.9,24.4,
2024-07-06,Atlanta,8.0,1.0,33.9,24.4,
2024-07-07,Atlanta,7.4,13.8,32.2,23.3,
2024-07-08,Atlanta,3.4,0.3,31.7,23.3,
2024-07-09,Atlanta,5.0,28.3,33.0,24.0,
2024-07-10,Atlanta,6.3,0.0,30.6,22.8,
2024-07-11,Atlanta,4.9,0.0,32.8,21.1,
2024-07-12,Atlanta,3.3,0.0,34.4,23.9,
2024-07-13,Atlanta,3.4,0.0,35.6,25.6,
2024-07-14,Atlanta,4.4,0.0,36.1,25.0,
2024-07-15,Atlanta,8.5,1.3,34.4,24.4,
2024-07-16,Atlanta,6.8,3.5,32.0,23.3,
2024-07-17,Atlanta,6.5,1.3,32.8,23.9,
2024-07-18,Atlanta,5.2,12.3,32.2,23.3,
2024-07-19,Atlanta,3.8,1.8,30.0,22.8,
2024-07-20,Atlanta,4.1,49.5,27.8,21.7,
2024-07-21,Atlanta,4.4,10.3,30.6,22.2,
2024-07-22,Atlanta,4.4,0.3,30.0,22.2,
2024-07-23,Atlanta,6.9,33.7,31.1,23.9,
2024-07-24,Atlanta,3.1,39.9,30.6,22.0,
2024-07-25,Atlanta,5.3,4.0,30.6,23.3,
2024-07-26,Atlanta,7.6,2.8,31.7,22.8,
2024-07-27,Atlanta,4.1,0.0,28.9,22.8,
2024-07-28,Atlanta,3.9,22.2,26.1,22.8,
2024-07-29,Atlanta,6.5,25.5,30.0,22.8,
2024-07-30,Atlanta,6.5,4.3,32.8,22.0,
2024-08-01,Atlanta,4.7,0.0,34.4,23.9,
2024-08-02,Atlanta,6.5,0.3,33.9,26.1,
2024-08-03,Atlanta,4.8,0.3,32.2,23.3,
2024-08-04,Atlanta,5.2,0.0,32.2,23.3,
2024-08-05,Atlanta,8.3,0.0,33.3,23.9,
2024-08-06,Atlanta,6.3,0.0,32.8,25.0,
2024-08-07,Atlanta,6.5,0.0,35.6,23.9,
2024-08-08,Atlanta,6.8,0.0,35.0,25.6,
2024-08-09,Atlanta,6.0,0.0,35.0,24.4,
2024-08-10,Atlanta,5.1,0.0,33.3,22.8,
2024-08-11,Atlanta,4.5,0.0,32.8,21.1,
2024-08-12,Atlanta,4.6,0.0,32.8,21.1,
2024-08-13,Atlanta,5.1,0.0,33.3,22.2,
2024-08-14,Atlanta,4.5,0.0,32.8,24.4,
2024-08-15,Atlanta,3.9,0.0,31.1,23.0,
2024-08-16,Atlanta,6.0,5.8,32.8,22.2,
2024-08-17,Atlanta,10.2,7.0,34.4,21.7,
2024-08-18,Atlanta,5.6,6.8,32.2,22.8,
2024-08-19,Atlanta,5.9,0.0,31.1,21.7,
2024-08-20,Atlanta,5.8,0.0,31.1,21.1,
2024-08-21,Atlanta,6.7,0.0,28.9,19.4,
2024-08-22,Atlanta,5.5,0.0,28.3,20.6,
2024-08-23,Atlanta,6.5,0.0,29.0,18.9,
2024-08-24,Atlanta,5.1,0.0,30.6,19.4,
2024-08-25,Atlanta,4.9,0.0,31.7,20.6,
2024-08-26,Atlanta,4.1,0.0,32.8,21.1,
2024-08-27,Atlanta,3.1,0.0,34.4,22.8,
2024-08-28,Atlanta,3.3,0.0,35.6,23.9,
2024-08-29,Atlanta,5.0,0.0,35.6,24.4,
2024-08-30,Atlanta,5.0,2.3,35.0,24.4,
2024-09-01,Atlanta,6.6,1.5,34.4,23.3,
2024-09-02,Atlanta,5.6,0.0,34.4,22.2,
2024-09-03,Atlanta,8.4,0.0,29.4,22.8,
2024-09-04,Atlanta,8.4,0.0,28.9,18.3,
2024-09-05,Atlanta,6.8,0.0,28.3,21.1,
2024-09-06,Atlanta,6.5,5.0,26.1,21.1,
2024-09-07,Atlanta,7.0,0.5,30.6,20.0,
2024-09-08,Atlanta,6.6,0.0,27.8,17.8,
2024-09-09,Atlanta,4.2,0.0,28.9,19.4,
2024-09-10,Atlanta,4.5,0.0,30.0,18.3,
2024-09-11,Atlanta,7.7,1.3,24.4,19.4,
2024-09-12,Atlanta,8.4,15.8,23.0,19.0,
2024-09-13,Atlanta,7.1,2.0,23.9,20.0,
2024-09-14,Atlanta,8.0,2.3,23.0,20.6,
2024-09-15,Atlanta,9.1,0.3,25.6,21.1,
2024-09-16,Atlanta,8.2,0.0,27.8,20.0,
2024-09-17,Atlanta,8.3,0.0,28.3,16.7,
2024-09-18,Atlanta,3.9,0.0,27.8,19.4,
2024-09-19,Atlanta,3.4,0.0,31.1,20.6,
2024-09-20,Atlanta,3.1,0.0,33.3,21.1,
2024-09-21,Atlanta,2.9,0.0,33.9,21.7,
2024-09-22,Atlanta,5.5,0.0,35.6,22.2,
2024-09-23,Atlanta,4.6,0.0,33.9,22.8,
2024-09-24,Atlanta,6.1,0.3,32.8,23.9,
2024-09-25,Atlanta,7.1,67.2,29.4,19.0,
2024-09-26,Atlanta,5.0,95.1,23.3,18.9,
2024-09-27,Atlanta,11.2,79.8,23.3,19.0,
2024-09-28,Atlanta,7.2,0.0,25.6,18.3,
2024-09-29,Atlanta,4.3,0.0,25.6,18.9,
2024-10-01,Atlanta,6.1,0.0,27.8,19.4,
2024-10-02,Atlanta,3.8,0.0,30.0,19.4,
2024-10-03,Atlanta,4.6,0.0,29.4,20.0,
2024-10-04,Atlanta,3.6,0.0,26.1,21.1,
2024-10-05,Atlanta,4.6,0.0,30.0,21.1,
2024-10-06,Atlanta,4.3,0.0,28.9,20.0,
2024-10-07,Atlanta,5.5,0.0,30.0,18.9,
2024-10-08,Atlanta,6.2,0.0,27.2,14.4,
2024-10-09,Atlanta,4.8,0.0,26.7,17.8,
2024-10-10,Atlanta,7.3,0.0,25.6,17.2,
2024-10-11,Atlanta,3.9,0.0,24.4,13.3,
2024-10-12,Atlanta,4.7,0.0,26.1,11.7,
2024-10-13,Atlanta,4.7,0.0,28.9,13.9,
2024-10-14,Atlanta,8.8,0.0,22.8,12.8,
2024-10-15,Atlanta,7.6,0.0,20.0,8.3,
2024-10-16,Atlanta,6.5,0.0,16.7,6.1,
2024-10-17,Atlanta,3.6,0.0,18.9,5.0,
2024-10-18,Atlanta,5.9,0.0,20.6,8.9,
2024-10-19,Atlanta,5.1,0.0,22.2,10.0,
2024-10-20,Atlanta,4.2,0.0,25.6,12.2,
2024-10-21,Atlanta,4.1,0.0,26.1,12.2,
2024-10-22,Atlanta,3.8,0.0,25.6,13.3,
2024-10-23,Atlanta,4.2,0.0,27.8,14.4,
2024-10-24,Atlanta,5.0,0.0,28.3,15.6,
2024-10-25,Atlanta,2.9,0.0,28.3,13.3,
2024-10-26,Atlanta,5.1,0.0,29.4,17.2,
2024-10-27,Atlanta,6.5,0.0,23.3,14.4,
2024-10-28,Atlanta,5.5,0.0,20.6,13.9,
2024-10-29,Atlanta,4.6,0.0,24.4,12.8,
2024-10-30,Atlanta,5.3,0.0,26.1,16.7,
2024-11-01,Atlanta,4.1,0.8,23.3,17.8,
2024-11-02,Atlanta,2.6,0.0,26.7,16.0,
2024-11-03,Atlanta,6.2,0.0,19.7,16.1,
2024-11-04,Atlanta,5.9,0.0,16.7,15.0,
2024-11-05,Atlanta,6.2,0.0,25.6,16.1,
2024-11-06,Atlanta,5.1,0.8,23.3,19.5,
2024-11-07,Atlanta,4.6,0.0,23.0,19.4,
2024-11-08,Atlanta,3.6,0.0,26.7,18.9,
2024-11-09,Atlanta,6.7,0.0,23.3,17.8,
2024-11-10,Atlanta,6.5,1.5,18.2,13.3,
2024-11-11,Atlanta,3.9,0.0,24.4,13.9,
2024-11-12,Atlanta,4.5,0.0,24.4,11.1,
2024-11-13,Atlanta,7.9,1.5,18.3,11.1,
2024-11-14,Atlanta,7.4,16.3,13.3,10.0,
2024-11-15,Atlanta,5.8,0.0,18.9,8.9,
2024-11-16,Atlanta,2.9,0.0,21.7,7.2,
2024-11-17,Atlanta,2.4,0.0,21.7,8.3,
2024-11-18,Atlanta,5.0,0.0,23.3,10.6,
2024-11-19,Atlanta,5.9,33.5,17.8,15.0,
2024-11-20,Atlanta,9.7,16.0,22.8,8.9,
2024-11-21,Atlanta,11.3,0.0,15.6,5.0,
2024-11-22,Atlanta,8.3,0.0,11.7,3.9,
2024-11-23,Atlanta,5.9,0.0,15.6,3.3,
2024-11-24,Atlanta,3.6,0.0,19.4,4.4,
2024-11-25,Atlanta,5.3,0.0,21.7,8.0,
2024-11-26,Atlanta,6.7,8.3,17.2,7.8,
2024-11-27,Atlanta,4.4,0.0,17.8,6.1,
2024-11-28,Atlanta,8.3,3.8,19.0,6.1,
2024-11-29,Atlanta,7.2,0.0,10.6,2.2,
2024-12-01,Atlanta,5.7,0.0,12.8,0.0,
2024-12-02,Atlanta,4.9,0.0,10.6,0.0,
2024-12-03,Atlanta,6.2,0.0,6.7,-0.6,
2024-12-04,Atlanta,5.7,0.0,11.7,-2.8,
2024-12-05,Atlanta,8.8,0.0,14.4,-0.6,
2024-12-06,Atlanta,6.5,0.0,7.2,-4.4,
2024-12-07,Atlanta,4.6,0.0,14.4,-1.1,
2024-12-08,Atlanta,4.1,0.5,16.1,3.3,
2024-12-09,Atlanta,4.9,17.5,18.0,9.0,
2024-12-10,Atlanta,6.7,26.3,20.0,17.8,
2024-12-11,Atlanta,11.0,18.3,17.6,3.3,
2024-12-12,Atlanta,6.0,0.0,11.7,0.6,
2024-12-13,Atlanta,4.3,0.0,13.9,3.3,
2024-12-14,Atlanta,7.7,0.0,15.0,6.1,
2024-12-15,Atlanta,7.7,1.3,10.8,6.1,
2024-12-16,Atlanta,4.0,0.0,18.9,7.2,
2024-12-17,Atlanta,5.4,0.0,22.8,10.0,
2024-12-18,Atlanta,6.1,0.3,22.2,11.7,
2024-12-19,Atlanta,6.2,0.0,14.4,5.6,
2024-12-20,Atlanta,10.9,0.0,15.0,2.2,
2024-12-21,Atlanta,6.6,0.0,8.3,0.0,
2024-12-22,Atlanta,5.1,0.0,8.9,-1.1,
2024-12-23,Atlanta,5.6,0.0,9.4,-0.6,
2024-12-24,Atlanta,3.4,0.0,15.0,0.6,
2024-12-25,Atlanta,4.8,0.0,15.0,3.3,
2024-12-26,Atlanta,6.5,0.3,10.6,6.7,
2024-12-27,Atlanta,7.0,8.5,10.0,6.1,
2024-12-28,Atlanta,4.6,11.5,12.8,8.3,
2024-12-29,Atlanta,8.8,26.3,18.3,10.0,
2024-12-30,Atlanta,3.7,0.0,18.9,7.8,
2025-01-01,Atlanta,7.5,0.0,11.1,2.8,
2025-01-02,Atlanta,5.8,0.0,10.6,-0.6,
2025-01-03,Atlanta,9.8,0.0,13.3,2.2,
2025-01-04,Atlanta,5.7,0.0,8.9,-0.6,
2025-01-05,Atlanta,6.1,9.5,11.7,0.6,
2025-01-06,Atlanta,10.6,8.5,15.0,-0.6,
2025-01-07,Atlanta,11.6,0.0,5.6,-2.2,
2025-01-08,Atlanta,8.5,0.0,3.9,-4.4,
2025-01-09,Atlanta,6.2,0.0,6.7,-5.6,
2025-01-10,Atlanta,6.8,26.8,1.7,-1.1,
2025-01-11,Atlanta,6.5,0.0,1.1,-2.2,
2025-01-12,Atlanta,3.7,0.0,7.2,-4.4,
2025-01-13,Atlanta,4.9,0.5,12.8,3.3,
2025-01-14,Atlanta,6.3,0.0,10.6,-1.1,
2025-01-15,Atlanta,6.3,0.0,11.1,1.1,
2025-01-16,Atlanta,7.7,0.0,13.9,1.1,
2025-01-17,Atlanta,3.4,0.0,15.6,1.7,
2025-01-18,Atlanta,5.1,22.0,15.0,6.1,
2025-01-19,Atlanta,9.9,0.0,13.0,-2.2,
2025-01-20,Atlanta,7.7,0.0,-0.6,-7.8,
2025-01-21,Atlanta,6.2,3.8,-1.1,-6.7,
2025-01-22,Atlanta,5.7,0.0,1.7,-10.0,
2025-01-23,Atlanta,3.9,0.0,4.4,-3.9,
2025-01-24,Atlanta,6.1,0.0,8.9,-3.9,
2025-01-25,Atlanta,3.4,0.0,11.1,-3.3,
2025-01-26,Atlanta,4.2,0.8,12.8,0.0,
2025-01-27,Atlanta,4.2,9.0,10.0,5.0,
2025-01-28,Atlanta,6.0,0.0,14.4,0.6,
2025-01-29,Atlanta,8.5,0.0,20.6,5.6,
2025-01-30,Atlanta,5.6,0.3,21.1,7.8,
2025-02-01,Atlanta,4.6,0.0,17.8,7.2,
2025-02-02,Atlanta,4.5,0.0,19.4,6.7,
2025-02-03,Atlanta,4.7,0.0,22.8,7.2,
2025-02-04,Atlanta,5.5,0.0,25.0,13.3,
2025-02-05,Atlanta,3.4,1.8,23.3,12.2,
2025-02-06,Atlanta,6.2,0.0,22.2,15.6,
2025-02-07,Atlanta,6.2,2.5,24.4,17.2,
2025-02-08,Atlanta,6.8,0.0,23.9,16.7,
2025-02-09,Atlanta,7.3,5.3,22.2,15.6,
2025-02-10,Atlanta,7.3,0.0,15.0,8.3,
2025-02-11,Atlanta,6.7,10.0,10.8,4.4,
2025-02-12,Atlanta,6.1,48.0,6.1,3.9,
2025-02-13,Atlanta,7.0,33.0,15.6,2.8,
2025-02-14,Atlanta,5.1,0.0,13.9,-1.1,
2025-02-15,Atlanta,6.2,2.3,11.1,5.6,
2025-02-16,Atlanta,11.9,8.3,17.2,2.8,
2025-02-17,Atlanta,9.8,0.0,10.0,-0.6,
2025-02-18,Atlanta,3.2,0.0,14.4,-0.6,
2025-02-19,Atlanta,6.1,5.0,7.8,1.7,
2025-02-20,Atlanta,10.1,0.0,1.4,-4.4,
2025-02-21,Atlanta,6.2,0.0,8.3,-7.2,
2025-02-22,Atlanta,5.5,0.0,11.7,-1.7,
2025-02-23,Atlanta,3.9,0.0,12.2,-0.6,
2025-02-24,Atlanta,3.1,0.0,19.4,5.6,
2025-02-25,Atlanta,7.4,0.0,23.9,7.8,
2025-02-26,Atlanta,3.8,0.0,25.0,8.9,
2025-02-27,Atlanta,9.0,0.0,23.3,11.1,
2025-03-01,Atlanta,10.3,0.0,23.3,7.8,
2025-03-02,Atlanta,7.2,0.0,13.9,2.2,
2025-03-03,Atlanta,3.7,0.0,17.8,2.8,
2025-03-04,Atlanta,9.2,0.0,21.7,7.2,
2025-03-05,Atlanta,10.4,21.3,17.9,5.0,
2025-03-06,Atlanta,10.5,0.0,13.3,2.8,
2025-03-07,Atlanta,6.5,0.0,19.4,3.9,
2025-03-08,Atlanta,7.9,0.0,23.9,13.5,
2025-03-09,Atlanta,6.7,12.5,14.3,8.9,
2025-03-10,Atlanta,5.9,22.3,12.8,7.2,
2025-03-11,Atlanta,4.7,0.0,23.9,6.1,
2025-03-12,Atlanta,5.1,0.0,24.4,9.4,
2025-03-13,Atlanta,5.3,0.0,21.7,12.8,
2025-03-14,Atlanta,6.9,0.0,23.3,13.3,
2025-03-15,Atlanta,10.9,0.0,25.0,15.6,
2025-03-16,Atlanta,10.8,13.0,22.8,11.7,
2025-03-17,Atlanta,10.0,0.0,16.7,5.6,
2025-03-18,Atlanta,4.7,0.0,24.0,5.6,
2025-03-19,Atlanta,6.7,0.0,25.6,8.9,
2025-03-20,Atlanta,18.5,0.3,19.1,6.7,
2025-03-21,Atlanta,6.2,0.0,18.3,2.8,
2025-03-22,Atlanta,9.5,0.0,23.3,7.2,
2025-03-23,Atlanta,6.7,0.0,25.0,8.3,
2025-03-24,Atlanta,7.9,16.5,18.9,12.2,
2025-03-25,Atlanta,9.3,0.0,26.1,8.3,
2025-03-26,Atlanta,7.8,0.0,23.3,11.1,
2025-03-27,Atlanta,3.9,0.0,22.8,10.0,
2025-03-28,Atlanta,4.8,0.0,26.7,11.7,
2025-03-29,Atlanta,7.2,0.0,22.2,17.2,
2025-03-30,Atlanta,5.4,3.5,24.4,16.1,
2025-04-01,Atlanta,5.9,0.0,25.0,8.3,
2025-04-02,Atlanta,7.9,0.0,28.9,17.8,
2025-04-03,Atlanta,6.7,0.0,28.3,19.4,
2025-04-04,Atlanta,5.5,0.0,29.4,18.9,
2025-04-05,Atlanta,9.6,0.0,30.0,20.0,
2025-04-06,Atlanta,8.4,41.8,23.8,16.7,
2025-04-07,Atlanta,7.0,24.0,20.0,10.0,
2025-04-08,Atlanta,7.9,0.0,17.8,6.7,
2025-04-09,Atlanta,6.7,0.0,19.4,5.6,
2025-04-10,Atlanta,11.1,13.3,24.4,9.4,
2025-04-11,Atlanta,7.2,0.8,18.9,10.6,
2025-04-12,Atlanta,8.3,0.0,18.3,6.7,
2025-04-13,Atlanta,3.7,0.0,22.8,5.6,
2025-04-14,Atlanta,7.2,0.0,28.3,13.3,
2025-04-15,Atlanta,10.1,0.0,22.8,12.8,
2025-04-16,Atlanta,6.9,0.0,22.2,8.9,
2025-04-17,Atlanta,4.2,0.0,25.6,11.1,
2025-04-18,Atlanta,5.9,0.0,28.9,12.8,
2025-04-19,Atlanta,5.7,0.0,29.4,16.1,
2025-04-20,Atlanta,4.1,0.0,27.8,18.3,
2025-04-21,Atlanta,5.9,0.0,27.8,17.2,
2025-04-22,Atlanta,3.6,4.0,23.3,18.9,
2025-04-23,Atlanta,5.1,0.3,26.7,17.8,
2025-04-24,Atlanta,6.2,0.0,25.6,17.8,
2025-04-25,Atlanta,7.9,35.3,27.8,18.3,
2025-04-26,Atlanta,3.7,0.0,26.7,17.2,
2025-04-27,Atlanta,4.1,0.0,27.8,16.7,
2025-04-28,Atlanta,5.4,0.0,25.6,17.2,
2025-04-29,Atlanta,5.0,0.0,27.2,17.0,
2025-05-01,Atlanta,8.2,1.0,26.7,20.0,
2025-05-02,Atlanta,7.6,1.8,29.4,17.8,
2025-05-03,Atlanta,5.5,12.3,21.1,14.4,
2025-05-04,Atlanta,5.1,0.0,20.6,12.2,
2025-05-05,Atlanta,5.6,0.0,21.7,10.6,
2025-05-06,Atlanta,4.0,0.0,25.6,12.8,
2025-05-07,Atlanta,4.8,5.3,21.8,15.6,
2025-05-08,Atlanta,3.1,0.0,28.3,17.0,
2025-05-09,Atlanta,3.9,0.0,28.3,17.8,
2025-05-10,Atlanta,9.9,29.4,22.8,12.8,
2025-05-11,Atlanta,7.0,20.5,18.3,14.4,
2025-05-12,Atlanta,6.0,2.0,26.7,18.3,
2025-05-13,Atlanta,4.6,0.3,25.0,16.7,
2025-05-14,Atlanta,4.9,0.0,28.9,19.4,
2025-05-15,Atlanta,6.9,0.0,30.0,19.4,
2025-05-16,Atlanta,5.3,0.0,31.1,22.2,
2025-05-17,Atlanta,7.2,5.0,26.7,22.2,
2025-05-18,Atlanta,6.0,6.8,26.1,19.0,
2025-05-19,Atlanta,3.7,0.0,31.1,21.7,
2025-05-20,Atlanta,7.0,0.0,31.1,22.2,
2025-05-21,Atlanta,8.7,19.0,27.8,20.0,
2025-05-22,Atlanta,8.8,0.0,28.9,16.7,
2025-05-23,Atlanta,6.1,0.0,26.7,17.2,
2025-05-24,Atlanta,4.7,0.0,26.7,17.8,
2025-05-25,Atlanta,6.2,10.5,26.1,18.3,
2025-05-26,Atlanta,4.6,30.0,27.8,20.0,
2025-05-27,Atlanta,6.2,12.0,22.2,17.2,
2025-05-28,Atlanta,4.3,10.8,28.3,16.1,
2025-05-29,Atlanta,4.1,25.2,23.2,19.4,
2025-05-30,Atlanta,8.4,12.8,25.0,17.8,
2025-06-01,Atlanta,5.4,0.0,26.7,16.7,
2025-06-02,Atlanta,3.6,0.0,29.4,17.8,
2025-06-03,Atlanta,6.0,0.0,30.0,20.0,
2025-06-04,Atlanta,8.1,4.3,26.1,20.0,
2025-06-05,Atlanta,3.6,0.0,27.8,20.0,
2025-06-06,Atlanta,3.7,0.0,32.2,21.7,
2025-06-07,Atlanta,6.0,21.3,33.0,21.7,
2025-06-08,Atlanta,7.6,8.3,28.3,21.1,
2025-06-09,Atlanta,7.0,1.3,28.9,21.0,
2025-06-10,Atlanta,5.8,1.5,29.0,21.1,
2025-06-11,Atlanta,5.5,0.0,30.0,20.6,
2025-06-12,Atlanta,5.6,26.3,31.7,22.2,
2025-06-13,Atlanta,3.9,0.5,30.6,22.0,
2025-06-14,Atlanta,4.6,27.3,31.1,21.7,
2025-06-15,Atlanta,4.4,0.0,31.7,21.1,
2025-06-16,Atlanta,5.9,1.0,31.7,23.3,
2025-06-17,Atlanta,5.6,6.5,31.7,22.2,
2025-06-18,Atlanta,5.7,0.3,31.0,21.7,
2025-06-19,Atlanta,6.9,1.3,28.9,21.7,
2025-06-20,Atlanta,4.4,0.0,31.7,20.0,
2025-06-21,Atlanta,4.8,0.3,32.2,22.8,
2025-06-22,Atlanta,4.1,0.0,33.9,25.0,
2025-06-23,Atlanta,3.4,0.0,33.9,25.0,
2025-06-24,Atlanta,3.9,0.0,35.0,25.6,
2025-06-25,Atlanta,4.5,2.5,35.0,26.1,
2025-06-26,Atlanta,7.3,15.5,32.8,22.2,
2025-06-27,Atlanta,6.8,59.0,32.2,21.7,
2025-06-28,Atlanta,5.5,34.8,32.8,21.7,
2025-06-29,Atlanta,5.2,1.3,31.7,22.2,
2024-07-01,Bronx,14.8,0.016,26.1,16.5,
2024-07-02,Bronx,9.7,0.0,28.3,16.0,
2024-07-03,Bronx,14.0,0.0,27.4,16.9,
2024-07-04,Bronx,10.3,0.051,29.3,19.0,
2024-07-05,Bronx,10.2,0.614,31.0,20.9,
2024-07-06,Bronx,9.9,0.051,31.8,22.1,
2024-07-07,Bronx,6.7,0.02,31.7,22.9,
2024-07-08,Bronx,8.6,0.0,32.6,23.0,
2024-07-09,Bronx,12.7,0.0,31.3,22.0,
2024-07-10,Bronx,20.2,0.008,30.6,24.4,
2024-07-11,Bronx,17.6,0.205,32.9,23.9,
2024-07-12,Bronx,11.0,0.583,28.8,21.2,
2024-07-13,Bronx,9.7,1.008,30.1,21.7,
2024-07-14,Bronx,8.6,0.008,31.1,21.4,
2024-07-15,Bronx,10.4,0.063,32.4,23.2,
2024-07-16,Bronx,15.4,0.008,33.6,23.2,
2024-07-17,Bronx,11.7,0.949,31.3,23.0,
2024-07-18,Bronx,8.6,0.083,29.9,21.4,
2024-07-19,Bronx,9.1,0.0,28.4,18.0,
2024-07-20,Bronx,11.7,0.028,28.4,17.7,
2024-07-21,Bronx,12.4,0.004,31.4,19.6,
2024-07-22,Bronx,11.5,0.13,27.8,21.3,
2024-07-23,Bronx,6.0,0.106,28.1,21.0,
2024-07-24,Bronx,8.1,0.248,28.5,21.2,
2024-07-25,Bronx,9.1,0.004,29.9,20.3,
2024-07-26,Bronx,10.6,0.0,29.0,18.0,
2024-07-27,Bronx,7.2,0.0,29.2,18.0,
2024-07-28,Bronx,10.8,0.0,30.2,18.6,
2024-07-29,Bronx,10.2,0.15,28.4,20.9,
2024-07-30,Bronx,17.9,0.0,30.0,21.6,
2024-07-31,Bronx,11.0,0.681,29.5,23.0,
2024-08-01,Bronx,9.8,0.008,34.1,20.7,
2024-08-02,Bronx,13.2,0.114,32.6,22.9,
2024-08-03,Bronx,9.5,0.232,32.8,23.3,
2024-08-04,Bronx,10.3,0.146,28.0,23.1,
2024-08-05,Bronx,11.8,0.0,31.6,20.8,
2024-08-06,Bronx,8.6,0.898,31.2,21.7,
2024-08-07,Bronx,12.4,0.913,21.9,18.4,
2024-08-08,Bronx,13.6,0.606,22.5,18.6,
2024-08-09,Bronx,27.8,0.657,28.3,22.2,
2024-08-10,Bronx,11.0,0.094,29.3,21.9,
2024-08-11,Bronx,11.4,0.0,27.4,18.5,
2024-08-12,Bronx,11.0,0.016,26.0,16.5,
2024-08-13,Bronx,7.8,0.0,27.2,16.3,
2024-08-14,Bronx,8.5,0.0,28.4,18.2,
2024-08-15,Bronx,6.2,0.0,30.1,17.7,
2024-08-16,Bronx,9.3,0.0,29.8,18.7,
2024-08-17,Bronx,12.5,0.193,26.4,20.7,
2024-08-18,Bronx,13.3,0.976,25.1,21.2,
2024-08-19,Bronx,10.5,0.398,28.0,20.2,
2024-08-20,Bronx,11.9,0.0,22.5,16.9,
2024-08-21,Bronx,10.7,0.0,22.6,13.2,
2024-08-22,Bronx,10.1,0.0,24.2,13.6,
2024-08-23,Bronx,8.4,0.0,27.5,14.3,
2024-08-24,Bronx,9.0,0.0,28.6,15.7,
2024-08-25,Bronx,9.9,0.008,29.7,17.0,
2024-08-26,Bronx,10.4,0.004,29.6,18.7,
2024-08-27,Bronx,11.2,0.0,30.3,17.7,
2024-08-28,Bronx,8.9,0.016,33.5,21.5,
2024-08-29,Bronx,9.9,0.287,24.2,19.1,
2024-08-30,Bronx,8.9,0.287,24.8,17.9,
2024-08-31,Bronx,9.1,0.008,25.8,16.9,
2024-09-01,Bronx,11.2,0.055,28.3,21.0,
2024-09-02,Bronx,11.4,0.0,25.8,17.5,
2024-09-03,Bronx,9.7,0.0,22.7,12.6,
2024-09-04,Bronx,6.8,0.0,25.4,12.7,
2024-09-05,Bronx,9.1,0.0,24.6,13.5,
2024-09-06,Bronx,8.6,0.004,25.9,14.7,
2024-09-07,Bronx,14.8,0.173,23.4,14.2,
2024-09-08,Bronx,11.9,0.0,21.8,11.4,
2024-09-09,Bronx,11.2,0.0,24.6,11.7,
2024-09-10,Bronx,7.1,0.0,25.6,14.5,
2024-09-11,Bronx,6.5,0.0,25.4,12.7,
2024-09-12,Bronx,8.6,0.0,26.2,15.0,
2024-09-13,Bronx,8.3,0.0,27.6,14.1,
2024-09-14,Bronx,8.7,0.0,28.1,15.1,
2024-09-15,Bronx,11.0,0.0,26.4,16.3,
2024-09-16,Bronx,8.0,0.0,24.5,14.0,
2024-09-17,Bronx,6.9,0.0,26.4,14.6,
2024-09-18,Bronx,9.1,0.0,23.3,18.0,
2024-09-19,Bronx,9.4,0.0,29.7,16.1,
2024-09-20,Bronx,10.3,0.024,27.0,17.4,
2024-09-21,Bronx,10.0,0.0,26.0,15.2,
2024-09-22,Bronx,10.0,0.0,24.2,13.7,
2024-09-23,Bronx,10.4,0.012,20.0,13.5,
2024-09-24,Bronx,10.3,0.012,19.1,13.3,
2024-09-25,Bronx,10.1,0.0,20.4,15.7,
2024-09-26,Bronx,9.0,0.28,22.7,16.9,
2024-09-27,Bronx,7.3,0.035,22.2,18.5,
2024-09-28,Bronx,14.9,0.13,20.5,16.4,
2024-09-29,Bronx,11.3,0.185,17.8,16.5,
2024-09-30,Bronx,11.2,0.0,21.6,14.5,
2024-10-01,Bronx,10.5,0.0,20.6,15.0,
2024-10-02,Bronx,8.2,0.008,19.8,12.9,
2024-10-03,Bronx,8.1,0.0,21.7,14.1,
2024-10-04,Bronx,8.9,0.004,23.1,12.3,
2024-10-05,Bronx,9.6,0.0,23.5,14.8,
2024-10-06,Bronx,9.4,0.0,22.2,10.7,
2024-10-07,Bronx,10.2,0.173,23.1,14.6,
2024-10-08,Bronx,8.7,0.0,20.1,10.6,
2024-10-09,Bronx,12.8,0.0,19.0,9.7,
2024-10-10,Bronx,12.1,0.0,17.6,7.8,
2024-10-11,Bronx,10.6,0.0,20.4,7.3,
2024-10-12,Bronx,12.6,0.0,22.3,12.7,
2024-10-13,Bronx,10.9,0.0,22.2,9.8,
2024-10-14,Bronx,19.2,0.004,19.2,8.5,
2024-10-15,Bronx,11.3,0.0,14.2,5.5,
2024-10-16,Bronx,11.6,0.0,14.9,5.7,
2024-10-17,Bronx,11.9,0.0,14.8,4.5,
2024-10-18,Bronx,9.6,0.0,18.8,7.4,
2024-10-19,Bronx,6.4,0.0,20.9,7.5,
2024-10-20,Bronx,6.1,0.0,23.1,6.3,
2024-10-21,Bronx,7.3,0.0,26.4,8.3,
2024-10-22,Bronx,7.0,0.0,26.8,13.2,
2024-10-23,Bronx,12.1,0.0,22.8,12.0,
2024-10-24,Bronx,13.4,0.0,19.7,11.5,
2024-10-25,Bronx,9.4,0.0,17.3,6.8,
2024-10-26,Bronx,14.4,0.0,17.5,10.3,
2024-10-27,Bronx,11.1,0.0,14.2,5.4,
2024-10-28,Bronx,6.8,0.0,15.8,3.4,
2024-10-29,Bronx,12.6,0.059,16.7,7.4,
2024-10-30,Bronx,7.9,0.004,24.6,10.9,
2024-10-31,Bronx,11.4,0.0,27.1,12.6,
2024-11-01,Bronx,16.5,0.02,25.6,14.7,
2024-11-02,Bronx,10.6,0.0,15.5,7.9,
2024-11-03,Bronx,9.4,0.0,12.8,3.8,
2024-11-04,Bronx,9.9,0.0,14.1,4.4,
2024-11-05,Bronx,11.9,0.0,22.3,9.7,
2024-11-06,Bronx,12.7,0.0,26.4,16.4,
2024-11-07,Bronx,11.8,0.0,22.0,12.0,
2024-11-08,Bronx,15.0,0.0,20.2,7.7,
2024-11-09,Bronx,14.0,0.0,12.5,4.5,
2024-11-10,Bronx,11.9,0.043,14.6,2.7,
2024-11-11,Bronx,15.0,0.185,20.4,11.7,
2024-11-12,Bronx,16.7,0.0,12.2,5.5,
2024-11-13,Bronx,10.2,0.0,9.3,1.3,
2024-11-14,Bronx,8.0,0.0,7.8,1.5,
2024-11-15,Bronx,9.4,0.0,14.6,3.5,
2024-11-16,Bronx,11.4,0.0,16.6,6.4,
2024-11-17,Bronx,8.9,0.0,18.1,6.9,
2024-11-18,Bronx,10.4,0.0,17.9,8.6,
2024-11-19,Bronx,8.7,0.035,14.7,6.5,
2024-11-20,Bronx,7.6,0.0,15.5,8.0,
2024-11-21,Bronx,11.3,1.657,11.7,5.5,
2024-11-22,Bronx,17.4,0.827,5.0,2.2,
2024-11-23,Bronx,16.7,0.028,8.9,2.9,
2024-11-24,Bronx,15.4,0.0,10.2,5.6,
2024-11-25,Bronx,8.4,0.0,10.2,3.2,
2024-11-26,Bronx,10.4,0.106,14.3,7.2,
2024-11-27,Bronx,6.4,0.0,10.2,3.2,
2024-11-28,Bronx,13.5,0.669,11.1,5.2,
2024-11-29,Bronx,12.1,0.008,7.7,1.7,
2024-11-30,Bronx,10.9,0.0,3.5,-1.6,
2024-12-01,Bronx,12.0,0.0,2.8,-3.2,
2024-12-02,Bronx,6.8,0.0,3.9,-2.0,
2024-12-03,Bronx,8.0,0.0,5.0,-1.5,
2024-12-04,Bronx,10.7,0.004,4.0,-2.2,
2024-12-05,Bronx,17.8,0.13,4.5,0.5,
2024-12-06,Bronx,13.4,0.0,0.5,-2.1,
2024-12-07,Bronx,9.5,0.0,4.8,-2.3,
2024-12-08,Bronx,13.4,0.004,10.8,1.7,
2024-12-09,Bronx,7.7,0.256,10.2,2.4,
2024-12-10,Bronx,8.7,0.047,10.3,6.3,
2024-12-11,Bronx,17.6,1.339,15.4,6.2,
2024-12-12,Bronx,17.4,0.008,5.2,-1.6,
2024-12-13,Bronx,8.1,0.0,0.1,-3.4,
2024-12-14,Bronx,5.4,0.0,0.9,-5.1,
2024-12-15,Bronx,7.2,0.0,3.0,-3.9,
2024-12-16,Bronx,9.8,0.409,9.6,1.8,
2024-12-17,Bronx,11.5,0.106,14.4,7.4,
2024-12-18,Bronx,6.8,0.169,9.9,2.3,
2024-12-19,Bronx,10.2,0.091,6.7,1.2,
2024-12-20,Bronx,9.0,0.071,2.7,-0.7,
2024-12-21,Bronx,15.5,0.122,0.7,-6.3,
2024-12-22,Bronx,9.7,0.0,-6.7,-11.4,
2024-12-23,Bronx,6.0,0.0,-4.2,-13.4,
2024-12-24,Bronx,6.6,0.075,1.9,-3.4,
2024-12-25,Bronx,7.1,0.0,0.1,-4.1,
2024-12-26,Bronx,5.9,0.0,-0.3,-7.5,
2024-12-27,Bronx,4.6,0.0,2.8,-7.6,
2024-12-28,Bronx,5.4,0.201,7.1,1.9,
2024-12-29,Bronx,14.8,0.106,14.6,5.5,
2024-12-30,Bronx,16.9,0.185,13.2,8.0,
2024-12-31,Bronx,10.9,0.193,9.9,2.0,
2025-01-01,Bronx,15.5,0.24,11.0,3.9,
2025-01-02,Bronx,16.7,0.0,5.5,0.8,
2025-01-03,Bronx,12.5,0.0,3.2,-1.6,
2025-01-04,Bronx,17.2,0.0,0.1,-2.3,
2025-01-05,Bronx,13.1,0.0,0.2,-3.3,
2025-01-06,Bronx,12.1,0.055,-1.3,-4.9,
2025-01-07,Bronx,21.3,0.0,-2.7,-8.5,
2025-01-08,Bronx,18.7,0.0,-2.2,-6.5,
2025-01-09,Bronx,18.9,0.0,-1.6,-5.9,
2025-01-10,Bronx,15.0,0.0,3.7,-3.2,
2025-01-11,Bronx,11.3,0.071,0.7,-2.7,
2025-01-12,Bronx,10.3,0.0,4.8,-1.7,
2025-01-13,Bronx,11.1,0.0,6.1,-1.6,
2025-01-14,Bronx,14.2,0.0,0.4,-3.6,
2025-01-15,Bronx,15.2,0.0,-1.1,-5.5,
2025-01-16,Bronx,6.9,0.016,-0.9,-5.0,
2025-01-17,Bronx,6.6,0.0,4.6,-4.1,
2025-01-18,Bronx,10.0,0.11,7.0,-0.5,
2025-01-19,Bronx,14.2,0.291,2.5,-3.4,
2025-01-20,Bronx,12.3,0.008,-3.6,-9.6,
2025-01-21,Bronx,7.2,0.016,-8.1,-14.1,
2025-01-22,Bronx,7.4,0.0,-8.2,-14.5,
2025-01-23,Bronx,6.2,0.0,-3.7,-11.9,
2025-01-24,Bronx,7.2,0.0,-0.9,-8.4,
2025-01-25,Bronx,7.8,0.0,-2.3,-12.0,
2025-01-26,Bronx,11.7,0.0,4.1,-4.1,
2025-01-27,Bronx,12.8,0.0,1.8,-4.4,
2025-01-28,Bronx,15.7,0.0,4.1,-3.0,
2025-01-29,Bronx,13.8,0.004,8.8,-0.3,
2025-01-30,Bronx,12.0,0.0,0.8,-6.2,
2025-01-31,Bronx,7.7,0.343,5.4,1.0,
2025-02-01,Bronx,12.7,0.067,5.0,-5.7,
2025-02-02,Bronx,7.6,0.059,1.0,-9.5,
2025-02-03,Bronx,9.8,0.031,5.3,-2.4,
2025-02-04,Bronx,14.9,0.0,6.0,-0.6,
2025-02-05,Bronx,9.8,0.0,1.4,-3.4,
2025-02-06,Bronx,8.7,0.386,2.8,-1.9,
2025-02-07,Bronx,17.0,0.0,4.3,-2.3,
2025-02-08,Bronx,6.4,0.287,0.8,-4.6,
2025-02-09,Bronx,8.6,0.252,1.3,-1.3,
2025-02-10,Bronx,8.7,0.0,0.1,-5.0,
2025-02-11,Bronx,3.6,0.043,-0.4,-9.5,
2025-02-12,Bronx,10.6,0.173,0.9,-1.7,
2025-02-13,Bronx,14.5,0.224,5.7,0.9,
2025-02-14,Bronx,13.7,0.0,0.7,-3.1,
2025-02-15,Bronx,7.7,0.256,1.5,-4.0,
2025-02-16,Bronx,18.9,0.992,7.3,0.3,
2025-02-17,Bronx,18.5,0.004,2.1,-3.0,
2025-02-18,Bronx,16.3,0.0,-3.1,-9.0,
2025-02-19,Bronx,11.3,0.0,-1.2,-9.2,
2025-02-20,Bronx,12.1,0.035,-1.4,-9.4,
2025-02-21,Bronx,15.3,0.0,-0.5,-6.2,
2025-02-22,Bronx,9.9,0.0,3.0,-7.2,
2025-02-23,Bronx,7.6,0.0,7.4,-1.5,
2025-02-24,Bronx,12.3,0.0,7.9,-0.8,
2025-02-25,Bronx,8.9,0.0,11.9,3.3,
2025-02-26,Bronx,12.1,0.0,12.0,2.2,
2025-02-27,Bronx,11.3,0.102,11.7,3.3,
2025-02-28,Bronx,11.7,0.0,8.7,1.7,
2025-03-01,Bronx,17.9,0.0,15.1,-2.2,
2025-03-02,Bronx,13.9,0.0,-0.1,-7.7,
2025-03-03,Bronx,8.3,0.0,3.1,-5.5,
2025-03-04,Bronx,9.2,0.0,11.0,-1.6,
2025-03-05,Bronx,17.5,1.346,11.8,5.7,
2025-03-06,Bronx,17.2,0.232,12.3,2.6,
2025-03-07,Bronx,20.0,0.0,7.2,-0.8,
2025-03-08,Bronx,15.5,0.0,5.4,1.3,
2025-03-09,Bronx,13.8,0.0,9.9,-2.0,
2025-03-10,Bronx,9.4,0.0,17.0,3.9,
2025-03-11,Bronx,8.9,0.0,15.4,3.4,
2025-03-12,Bronx,8.4,0.0,11.4,2.8,
2025-03-13,Bronx,10.1,0.0,9.4,2.1,
2025-03-14,Bronx,6.8,0.0,13.2,0.7,
2025-03-15,Bronx,7.9,0.02,9.6,4.1,
2025-03-16,Bronx,18.2,0.071,14.5,7.8,
2025-03-17,Bronx,16.3,0.996,14.3,4.0,
2025-03-18,Bronx,13.2,0.0,13.9,0.7,
2025-03-19,Bronx,6.4,0.0,15.3,2.2,
2025-03-20,Bronx,10.0,0.35,10.3,5.6,
2025-03-21,Bronx,16.9,0.272,9.2,2.8,
2025-03-22,Bronx,14.0,0.004,15.3,2.6,
2025-03-23,Bronx,13.0,0.0,7.6,-2.4,
2025-03-24,Bronx,9.2,0.528,10.2,3.8,
2025-03-25,Bronx,14.9,0.0,13.7,4.9,
2025-03-26,Bronx,11.8,0.004,9.4,1.9,
2025-03-27,Bronx,10.9,0.0,9.5,-0.3,
2025-03-28,Bronx,8.4,0.028,15.1,4.2,
2025-03-29,Bronx,13.1,0.102,25.5,5.1,
2025-03-30,Bronx,8.0,0.02,12.3,4.9,
2025-03-31,Bronx,10.0,0.772,21.4,7.4,
2025-04-01,Bronx,14.4,0.287,15.1,4.7,
2025-04-02,Bronx,10.0,0.0,8.8,0.0,
2025-04-03,Bronx,16.0,0.276,21.7,6.5,
2025-04-04,Bronx,11.0,0.181,20.9,12.5,
2025-04-05,Bronx,11.1,0.063,12.1,5.9,
2025-04-06,Bronx,7.6,0.169,14.7,5.8,
2025-04-07,Bronx,9.0,0.299,9.4,4.2,
2025-04-08,Bronx,18.1,0.0,6.1,1.5,
2025-04-09,Bronx,10.1,0.0,8.0,-2.0,
2025-04-10,Bronx,10.5,0.031,9.3,2.0,
2025-04-11,Bronx,12.7,0.413,6.9,4.2,
2025-04-12,Bronx,14.9,0.65,5.8,1.7,
2025-04-13,Bronx,12.5,0.004,13.6,3.7,
2025-04-14,Bronx,7.3,0.0,16.1,5.6,
2025-04-15,Bronx,16.6,0.173,18.7,8.7,
2025-04-16,Bronx,16.6,0.0,9.5,5.5,
2025-04-17,Bronx,9.3,0.0,15.1,3.7,
2025-04-18,Bronx,13.8,0.004,16.7,4.2,
2025-04-19,Bronx,12.0,0.0,26.1,13.7,
2025-04-20,Bronx,13.4,0.0,21.8,10.2,
2025-04-21,Bronx,8.5,0.012,13.3,6.5,
2025-04-22,Bronx,10.5,0.008,25.1,10.2,
2025-04-23,Bronx,8.6,0.0,24.0,9.0,
2025-04-24,Bronx,10.5,0.0,25.3,11.0,
2025-04-25,Bronx,10.2,0.0,23.9,14.5,
2025-04-26,Bronx,14.0,0.547,21.1,13.5,
2025-04-27,Bronx,19.2,0.0,13.7,8.3,
2025-04-28,Bronx,9.4,0.0,22.4,8.8,
2025-04-29,Bronx,11.8,0.0,25.3,11.4,
2025-04-30,Bronx,11.8,0.0,22.5,16.3,
2025-05-01,Bronx,9.3,0.0,22.1,9.5,
2025-05-02,Bronx,11.0,0.13,28.3,13.6,
2025-05-03,Bronx,10.6,0.154,27.2,17.9,
2025-05-04,Bronx,9.8,0.504,21.0,15.4,
2025-05-05,Bronx,10.4,0.445,17.8,14.1,
2025-05-06,Bronx,10.5,0.579,17.7,13.8,
2025-05-07,Bronx,7.2,0.016,21.6,13.7,
2025-05-08,Bronx,8.0,0.102,22.8,13.3,
2025-05-09,Bronx,9.1,1.0,16.3,12.1,
2025-05-10,Bronx,15.2,0.0,20.3,10.3,
2025-05-11,Bronx,6.9,0.0,23.0,11.6,
2025-05-12,Bronx,7.1,0.0,19.7,10.8,
2025-05-13,Bronx,7.5,0.13,19.8,13.9,
2025-05-14,Bronx,13.5,1.028,19.9,13.5,
2025-05-15,Bronx,7.8,0.094,22.4,14.8,
2025-05-16,Bronx,10.2,0.024,23.8,15.4,
2025-05-17,Bronx,11.7,0.051,25.2,16.8,
2025-05-18,Bronx,15.0,0.008,22.1,14.7,
2025-05-19,Bronx,13.4,0.0,19.0,11.6,
2025-05-20,Bronx,9.3,0.0,17.1,8.4,
2025-05-21,Bronx,10.5,0.11,13.1,9.8,
2025-05-22,Bronx,15.1,0.846,12.3,8.7,
2025-05-23,Bronx,8.6,0.106,15.8,8.6,
2025-05-24,Bronx,12.0,0.012,16.5,8.7,
2025-05-25,Bronx,10.9,0.004,18.7,10.5,
2025-05-26,Bronx,6.6,0.0,20.9,10.2,
2025-05-27,Bronx,8.7,0.0,23.7,11.3,
2025-05-28,Bronx,7.2,0.295,19.3,12.0,
2025-05-29,Bronx,9.3,0.102,20.7,12.3,
2025-05-30,Bronx,7.4,0.102,22.1,15.9,
2025-05-31,Bronx,16.5,0.886,19.2,11.9,
2025-06-01,Bronx,13.2,0.0,18.2,10.0,
2025-06-02,Bronx,6.4,0.0,20.6,10.0,
2025-06-03,Bronx,7.3,0.0,25.4,11.1,
2025-06-04,Bronx,9.4,0.0,27.9,14.4,
2025-06-05,Bronx,8.6,0.012,33.0,19.7,
2025-06-06,Bronx,9.4,0.031,30.6,21.6,
2025-06-07,Bronx,9.1,0.406,25.8,19.7,
2025-06-08,Bronx,8.9,0.031,23.8,16.8,
2025-06-09,Bronx,8.9,0.15,19.8,15.2,
2025-06-10,Bronx,8.2,0.74,24.7,16.9,
2025-06-11,Bronx,11.5,0.0,27.5,16.7,
2025-06-12,Bronx,9.9,0.0,31.2,19.2,
2025-06-13,Bronx,6.6,0.0,28.9,18.9,
2025-06-14,Bronx,10.2,0.189,20.2,16.0,
2025-06-15,Bronx,7.3,0.142,19.2,14.9,
2025-06-16,Bronx,9.5,0.091,20.3,15.9,
2025-06-17,Bronx,6.3,0.252,21.1,16.8,
2025-06-18,Bronx,8.9,0.346,28.4,18.3,
2025-06-19,Bronx,10.9,0.378,30.4,21.5,
2025-06-20,Bronx,12.6,0.012,28.0,18.5,
2025-06-21,Bronx,10.2,0.0,32.6,20.0,
2025-06-22,Bronx,13.5,0.012,33.1,24.6,
2025-06-23,Bronx,6.6,0.0,39.1,25.3,
2025-06-24,Bronx,10.5,0.0,39.4,28.4,
2025-06-25,Bronx,7.9,0.024,37.3,27.7,
2025-06-26,Bronx,13.8,0.075,29.3,19.7,
2025-06-27,Bronx,8.9,0.004,22.3,17.8,
2025-06-28,Bronx,9.3,0.012,29.7,17.8,
2025-06-29,Bronx,7.4,0.0,32.2,23.2,
2025-06-30,Bronx,10.9,0.0,34.1,22.1,
2024-07-01,Oxnard,,0.0,21.0,14.4,6.3
2024-07-02,Oxnard,,0.0,21.1,14.7,5.7
2024-07-03,Oxnard,,0.0,21.0,15.0,6.0
2024-07-04,Oxnard,,0.0,20.0,15.0,5.7
2024-07-05,Oxnard,,0.0,23.3,16.1,5.5
2024-07-06,Oxnard,,0.0,22.8,17.2,8.0
2024-07-07,Oxnard,,0.0,24.0,16.0,5.8
2024-07-08,Oxnard,,0.0,20.0,15.6,5.4
2024-07-09,Oxnard,,0.0,20.0,16.0,5.4
2024-07-10,Oxnard,,0.0,21.7,15.6,6.0
2024-07-11,Oxnard,,0.0,21.1,15.6,6.1
2024-07-12,Oxnard,,0.0,21.1,16.0,6.6
2024-07-13,Oxnard,,0.0,21.1,16.1,8.2
2024-07-14,Oxnard,,0.0,20.6,16.1,6.4
2024-07-15,Oxnard,,0.0,21.7,16.7,7.8
2024-07-16,Oxnard,,0.0,23.3,16.7,7.7
2024-07-17,Oxnard,,0.0,22.8,16.7,7.6
2024-07-18,Oxnard,,0.0,21.7,16.1,6.7
2024-07-19,Oxnard,,0.0,21.1,16.0,5.1
2024-07-20,Oxnard,,0.0,21.7,15.0,6.1
2024-07-21,Oxnard,,0.0,23.9,15.6,6.9
2024-07-22,Oxnard,,0.0,22.2,16.1,6.7
2024-07-23,Oxnard,,0.0,22.8,16.1,5.8
2024-07-24,Oxnard,,0.0,23.3,15.6,6.7
2024-07-25,Oxnard,,0.0,23.3,16.7,6.6
2024-07-26,Oxnard,,0.0,21.1,15.6,7.0
2024-07-27,Oxnard,,0.0,22.2,14.4,6.9
2024-07-28,Oxnard,,0.0,22.2,14.0,7.0
2024-07-29,Oxnard,,0.0,21.1,13.3,6.9
2024-07-30,Oxnard,,0.0,21.7,13.9,6.3
2024-08-01,Oxnard,,0.0,20.6,14.4,6.1
2024-08-02,Oxnard,,0.0,22.8,16.1,6.3
2024-08-03,Oxnard,,0.0,21.7,15.6,6.7
2024-08-04,Oxnard,,0.0,22.8,15.0,6.6
2024-08-05,Oxnard,,0.0,21.7,15.0,6.3
2024-08-06,Oxnard,,0.0,25.0,15.6,6.3
2024-08-07,Oxnard,,0.0,23.9,16.7,7.3
2024-08-08,Oxnard,,0.0,21.7,16.1,6.0
2024-08-09,Oxnard,,0.0,21.1,15.6,7.0
2024-08-10,Oxnard,,0.0,22.8,16.0,6.6
2024-08-11,Oxnard,,0.0,23.9,15.6,5.8
2024-08-12,Oxnard,,0.0,22.8,16.7,6.4
2024-08-13,Oxnard,,0.0,23.9,16.7,6.4
2024-08-14,Oxnard,,0.0,23.9,16.1,6.6
2024-08-15,Oxnard,,0.0,25.6,15.6,6.0
2024-08-16,Oxnard,,0.0,25.0,17.8,7.0
2024-08-17,Oxnard,,0.0,25.0,18.7,7.5
2024-08-18,Oxnard,,0.0,23.3,17.2,6.5
2024-08-19,Oxnard,,0.0,23.9,15.6,6.7
2024-08-20,Oxnard,,0.0,26.7,15.0,6.0
2024-08-21,Oxnard,,0.0,25.6,15.6,6.4
2024-08-22,Oxnard,,0.0,22.8,15.6,6.9
2024-08-23,Oxnard,,0.0,22.8,15.0,6.7
2024-08-24,Oxnard,,0.0,23.3,14.4,7.0
2024-08-25,Oxnard,,0.0,24.4,15.6,6.0
2024-08-26,Oxnard,,0.0,24.4,16.1,6.1
2024-08-27,Oxnard,,0.0,22.2,17.8,6.6
2024-08-28,Oxnard,,0.0,21.1,17.2,5.8
2024-08-29,Oxnard,,0.0,22.2,17.8,6.7
2024-08-30,Oxnard,,0.0,20.6,16.7,5.5
2024-09-01,Oxnard,,0.0,23.9,16.7,6.0
2024-09-02,Oxnard,,0.0,23.3,17.8,6.4
2024-09-03,Oxnard,,0.0,23.0,17.8,6.9
2024-09-04,Oxnard,,0.0,22.2,15.6,6.0
2024-09-05,Oxnard,,0.0,27.8,17.8,6.3
2024-09-06,Oxnard,,0.0,29.4,18.3,9.8
2024-09-07,Oxnard,,0.0,26.7,18.9,5.5
2024-09-08,Oxnard,,0.0,24.4,17.8,6.3
2024-09-09,Oxnard,,0.0,23.3,17.8,7.3
2024-09-10,Oxnard,,0.0,22.8,15.6,7.8
2024-09-11,Oxnard,,0.0,21.1,13.3,6.3
2024-09-12,Oxnard,,0.0,22.2,14.0,6.4
2024-09-13,Oxnard,,0.0,23.3,16.0,6.4
2024-09-14,Oxnard,,0.0,21.7,16.7,6.4
2024-09-15,Oxnard,,0.0,21.7,16.7,7.3
2024-09-16,Oxnard,,0.0,21.7,15.6,12.1
2024-09-17,Oxnard,,0.0,21.1,13.3,7.3
2024-09-18,Oxnard,,0.0,21.7,13.9,6.9
2024-09-19,Oxnard,,0.0,22.2,15.0,6.9
2024-09-20,Oxnard,,0.0,21.1,16.1,6.9
2024-09-21,Oxnard,,0.0,21.7,15.6,5.8
2024-09-22,Oxnard,,0.0,18.9,15.6,6.3
2024-09-23,Oxnard,,0.0,19.4,15.0,6.3
2024-09-24,Oxnard,,0.0,20.6,16.1,6.3
2024-09-25,Oxnard,,0.0,20.6,15.0,6.9
2024-09-26,Oxnard,,0.0,20.6,12.2,6.0
2024-09-27,Oxnard,,0.0,19.4,15.6,5.0
2024-09-28,Oxnard,,0.0,18.9,15.0,6.3
2024-09-29,Oxnard,,0.0,20.6,13.3,6.5
2024-10-01,Oxnard,,0.0,20.6,15.6,5.4
2024-10-02,Oxnard,,0.0,22.8,16.1,5.0
2024-10-03,Oxnard,,0.0,22.2,16.7,5.9
2024-10-04,Oxnard,,0.0,22.8,18.3,4.9
2024-10-05,Oxnard,,0.0,19.4,16.7,6.0
2024-10-06,Oxnard,,0.0,21.1,16.7,5.7
2024-10-07,Oxnard,,0.0,20.6,15.6,4.3
2024-10-08,Oxnard,,0.0,21.1,15.6,6.0
2024-10-09,Oxnard,,0.0,20.0,16.7,6.1
2024-10-10,Oxnard,,0.0,21.7,16.1,5.8
2024-10-11,Oxnard,,0.0,20.6,14.0,6.3
2024-10-12,Oxnard,,0.0,21.1,12.2,6.1
2024-10-13,Oxnard,,0.0,20.0,14.0,5.5
2024-10-14,Oxnard,,0.0,20.6,16.1,5.8
2024-10-15,Oxnard,,0.0,20.0,16.1,5.1
2024-10-16,Oxnard,,0.0,19.4,17.8,4.2
2024-10-17,Oxnard,,0.0,21.7,15.0,6.3
2024-10-18,Oxnard,,0.0,23.9,13.9,10.7
2024-10-19,Oxnard,,0.0,31.1,12.2,10.4
2024-10-20,Oxnard,,0.0,25.6,12.8,5.5
2024-10-21,Oxnard,,0.0,22.2,13.9,6.7
2024-10-22,Oxnard,,0.0,22.8,12.2,6.0
2024-10-23,Oxnard,,0.0,25.6,13.3,5.4
2024-10-24,Oxnard,,0.0,22.2,12.8,5.7
2024-10-25,Oxnard,,0.0,20.0,12.8,5.5
2024-10-26,Oxnard,,0.0,20.6,10.6,5.1
2024-10-27,Oxnard,,0.0,22.2,14.0,5.8
2024-10-28,Oxnard,,0.0,22.2,15.0,14.3
2024-10-29,Oxnard,,0.0,21.1,10.0,11.8
2024-10-30,Oxnard,,0.0,22.2,11.1,6.0
2024-11-01,Oxnard,,0.0,18.9,10.0,5.8
2024-11-02,Oxnard,,0.0,16.7,10.0,6.9
2024-11-03,Oxnard,,0.0,23.3,10.0,8.6
2024-11-04,Oxnard,,0.0,24.4,10.6,10.0
2024-11-05,Oxnard,,0.0,21.1,11.7,4.6
2024-11-06,Oxnard,,0.0,23.3,11.7,18.5
2024-11-07,Oxnard,,0.0,25.0,11.1,13.0
2024-11-08,Oxnard,,0.0,21.1,11.1,5.1
2024-11-09,Oxnard,,0.0,22.8,10.0,4.8
2024-11-10,Oxnard,,0.0,21.1,10.0,4.3
2024-11-11,Oxnard,,0.0,18.9,8.3,11.3
2024-11-12,Oxnard,,0.0,19.4,9.4,7.5
2024-11-13,Oxnard,,0.0,21.1,11.1,6.6
2024-11-14,Oxnard,,0.0,18.9,9.4,7.8
2024-11-15,Oxnard,,0.0,17.2,7.8,14.2
2024-11-16,Oxnard,,0.0,17.8,6.1,7.5
2024-11-17,Oxnard,,0.0,18.3,8.9,6.7
2024-11-18,Oxnard,,0.0,17.2,6.7,6.0
2024-11-19,Oxnard,,0.0,18.3,8.9,8.4
2024-11-20,Oxnard,,0.0,20.6,7.8,5.4
2024-11-21,Oxnard,,0.0,17.2,6.1,6.0
2024-11-22,Oxnard,,0.0,18.9,5.0,6.3
2024-11-23,Oxnard,,0.0,16.0,9.4,4.2
2024-11-24,Oxnard,,0.0,16.0,11.1,5.5
2024-11-25,Oxnard,,0.0,20.0,11.1,5.5
2024-11-26,Oxnard,,0.0,16.7,15.2,4.2
2024-11-27,Oxnard,,0.0,18.9,12.8,5.7
2024-11-28,Oxnard,,0.0,23.9,9.4,11.9
2024-11-29,Oxnard,,0.0,21.7,12.4,7.2
2024-12-01,Oxnard,,0.0,20.0,10.0,5.2
2024-12-02,Oxnard,,0.0,19.4,7.2,5.2
2024-12-03,Oxnard,,0.0,16.7,8.3,4.6
2024-12-04,Oxnard,,0.0,15.0,8.3,4.9
2024-12-05,Oxnard,,0.0,16.1,7.8,5.5
2024-12-06,Oxnard,,0.0,22.8,7.0,7.0
2024-12-07,Oxnard,,0.0,26.7,10.6,6.6
2024-12-08,Oxnard,,0.0,17.2,8.9,5.8
2024-12-09,Oxnard,,0.0,19.4,10.6,13.0
2024-12-10,Oxnard,,0.0,25.0,12.2,16.2
2024-12-11,Oxnard,,0.0,23.9,10.0,7.3
2024-12-12,Oxnard,,0.0,16.7,7.2,8.6
2024-12-13,Oxnard,,0.0,15.6,7.8,5.4
2024-12-14,Oxnard,,0.0,16.7,8.3,5.5
2024-12-15,Oxnard,,0.0,18.3,7.8,6.3
2024-12-16,Oxnard,,0.0,18.3,8.9,6.4
2024-12-17,Oxnard,,0.0,23.9,8.9,10.1
2024-12-18,Oxnard,,0.0,30.6,14.1,11.3
2024-12-19,Oxnard,,0.0,21.1,11.0,5.4
2024-12-20,Oxnard,,0.0,14.4,8.9,4.3
2024-12-21,Oxnard,,0.0,17.2,7.2,6.1
2024-12-22,Oxnard,,0.0,17.2,10.0,4.2
2024-12-23,Oxnard,,0.0,15.6,10.6,4.6
2024-12-24,Oxnard,,0.0,18.9,9.4,11.9
2024-12-25,Oxnard,,0.0,16.7,6.1,5.7
2024-12-26,Oxnard,,0.0,18.9,8.9,5.8
2024-12-27,Oxnard,,0.0,16.7,9.4,5.3
2024-12-28,Oxnard,,0.0,15.0,10.0,4.3
2024-12-29,Oxnard,,0.0,17.2,8.9,6.7
2024-12-30,Oxnard,,0.0,15.6,8.9,5.4
2025-01-01,Oxnard,,0.0,17.2,5.6,5.8
2025-01-02,Oxnard,,0.0,20.6,6.1,6.0
2025-01-03,Oxnard,,0.0,17.8,8.3,6.0
2025-01-04,Oxnard,,0.0,17.8,7.2,4.9
2025-01-05,Oxnard,,0.0,23.3,9.4,6.1
2025-01-06,Oxnard,,0.0,20.0,9.4,5.4
2025-01-07,Oxnard,,0.0,23.3,8.9,14.0
2025-01-08,Oxnard,,0.0,21.1,10.0,20.0
2025-01-09,Oxnard,,0.0,26.1,10.0,13.4
2025-01-10,Oxnard,,0.0,22.2,10.6,12.5
2025-01-11,Oxnard,,0.0,17.8,7.2,7.6
2025-01-12,Oxnard,,0.0,21.1,7.8,12.4
2025-01-13,Oxnard,,0.0,18.9,8.9,15.2
2025-01-14,Oxnard,,0.0,21.1,7.2,12.7
2025-01-15,Oxnard,,0.0,25.0,10.0,13.7
2025-01-16,Oxnard,,0.0,18.3,8.3,6.3
2025-01-17,Oxnard,,0.0,15.6,6.7,5.1
2025-01-18,Oxnard,,0.0,16.1,7.2,5.4
2025-01-19,Oxnard,,0.0,13.3,7.0,5.5
2025-01-20,Oxnard,,0.0,22.2,8.3,14.3
2025-01-21,Oxnard,,0.0,21.7,11.1,13.3
2025-01-22,Oxnard,,0.0,23.9,11.1,10.4
2025-01-23,Oxnard,,0.0,27.2,8.9,14.8
2025-01-24,Oxnard,,0.0,21.1,7.8,6.9
2025-01-25,Oxnard,,2.0,16.1,6.1,7.5
2025-01-26,Oxnard,,26.3,12.8,8.3,7.5
2025-01-27,Oxnard,,0.0,15.0,7.2,7.5
2025-01-28,Oxnard,,0.0,15.6,6.1,6.0
2025-01-29,Oxnard,,0.0,15.0,7.2,6.0
2025-01-30,Oxnard,,0.0,14.4,7.8,5.5
2025-02-01,Oxnard,,0.0,17.8,8.3,6.1
2025-02-02,Oxnard,,0.0,15.0,10.6,4.6
2025-02-03,Oxnard,,0.0,14.4,9.0,7.9
2025-02-04,Oxnard,,2.0,16.7,7.2,7.7
2025-02-05,Oxnard,,1.8,17.2,12.8,6.4
2025-02-06,Oxnard,,7.5,16.0,12.8,7.6
2025-02-07,Oxnard,,0.5,17.2,10.0,9.7
2025-02-08,Oxnard,,0.0,17.2,8.9,6.3
2025-02-09,Oxnard,,0.0,17.2,8.3,7.9
2025-02-10,Oxnard,,0.0,15.6,6.7,5.8
2025-02-11,Oxnard,,0.0,15.6,6.7,10.3
2025-02-12,Oxnard,,1.5,13.3,10.0,8.2
2025-02-13,Oxnard,,21.0,16.0,12.2,10.9
2025-02-14,Oxnard,,0.0,16.1,10.6,13.0
2025-02-15,Oxnard,,0.0,17.2,7.8,8.5
2025-02-16,Oxnard,,0.0,18.3,9.4,4.3
2025-02-17,Oxnard,,0.0,16.7,7.8,6.3
2025-02-18,Oxnard,,0.0,17.2,7.8,6.1
2025-02-19,Oxnard,,0.0,19.4,8.9,6.1
2025-02-20,Oxnard,,0.0,20.6,7.8,10.0
2025-02-21,Oxnard,,0.0,25.0,8.9,10.6
2025-02-22,Oxnard,,0.0,18.9,10.0,4.8
2025-02-23,Oxnard,,0.0,20.6,10.6,6.3
2025-02-24,Oxnard,,0.0,19.4,10.0,8.0
2025-02-25,Oxnard,,0.0,20.0,10.0,6.1
2025-02-26,Oxnard,,0.0,18.3,8.9,5.4
2025-02-27,Oxnard,,0.0,28.3,9.4,10.0
2025-03-01,Oxnard,,0.0,16.1,11.0,8.8
2025-03-02,Oxnard,,0.0,15.6,11.1,14.9
2025-03-03,Oxnard,,0.0,16.1,8.9,13.9
2025-03-04,Oxnard,,0.0,15.6,6.7,6.4
2025-03-05,Oxnard,,2.5,12.8,8.9,11.4
2025-03-06,Oxnard,,0.0,12.8,5.6,11.4
2025-03-07,Oxnard,,0.0,15.6,4.4,11.3
2025-03-08,Oxnard,,0.0,15.6,6.7,5.8
2025-03-09,Oxnard,,0.0,16.1,7.2,6.4
2025-03-10,Oxnard,,0.0,17.8,6.7,6.9
2025-03-11,Oxnard,,4.0,16.7,10.6,9.8
2025-03-12,Oxnard,,2.5,16.1,10.6,10.4
2025-03-13,Oxnard,,18.3,13.3,9.4,14.0
2025-03-14,Oxnard,,6.0,10.6,5.6,8.1
2025-03-15,Oxnard,,0.0,15.0,6.7,7.3
2025-03-16,Oxnard,,0.0,15.6,7.2,5.7
2025-03-17,Oxnard,,0.0,15.0,8.3,13.6
2025-03-18,Oxnard,,0.0,16.1,6.7,11.9
2025-03-19,Oxnard,,0.0,21.7,10.0,7.6
2025-03-20,Oxnard,,0.0,17.2,7.8,6.1
2025-03-21,Oxnard,,0.0,18.9,8.3,7.3
2025-03-22,Oxnard,,0.0,18.3,8.9,5.5
2025-03-23,Oxnard,,0.0,17.2,9.4,7.0
2025-03-24,Oxnard,,0.0,18.3,11.1,7.4
2025-03-25,Oxnard,,0.0,15.6,11.7,6.1
2025-03-26,Oxnard,,0.0,15.6,12.0,4.5
2025-03-27,Oxnard,,0.0,16.1,12.2,6.1
2025-03-28,Oxnard,,0.0,17.8,10.6,9.8
2025-03-29,Oxnard,,0.0,16.1,8.3,6.4
2025-03-30,Oxnard,,3.0,15.0,10.0,6.4
2025-04-01,Oxnard,,0.0,16.1,11.1,16.3
2025-04-02,Oxnard,,0.0,16.1,10.0,14.5
2025-04-03,Oxnard,,0.0,15.0,6.7,8.1
2025-04-04,Oxnard,,0.0,18.3,7.8,8.8
2025-04-05,Oxnard,,0.0,24.4,8.9,10.7
2025-04-06,Oxnard,,0.0,20.0,9.4,7.3
2025-04-07,Oxnard,,0.0,17.8,8.3,6.1
2025-04-08,Oxnard,,0.0,18.3,8.9,5.7
2025-04-09,Oxnard,,0.0,20.6,10.6,5.8
2025-04-10,Oxnard,,0.0,19.4,10.0,6.3
2025-04-11,Oxnard,,0.0,22.2,11.7,7.7
2025-04-12,Oxnard,,0.0,17.0,12.2,5.8
2025-04-13,Oxnard,,0.0,16.7,10.0,5.8
2025-04-14,Oxnard,,0.0,15.6,11.0,5.7
2025-04-15,Oxnard,,0.0,16.1,11.2,6.0
2025-04-16,Oxnard,,0.0,17.8,11.1,7.0
2025-04-17,Oxnard,,0.0,16.1,11.7,5.5
2025-04-18,Oxnard,,0.0,15.6,11.1,6.4
2025-04-19,Oxnard,,0.0,18.3,8.9,8.7
2025-04-20,Oxnard,,0.0,17.2,8.3,7.2
2025-04-21,Oxnard,,0.0,16.7,9.4,6.7
2025-04-22,Oxnard,,0.0,16.7,12.2,6.3
2025-04-23,Oxnard,,0.0,16.1,11.7,6.4
2025-04-24,Oxnard,,0.0,17.2,12.8,7.0
2025-04-25,Oxnard,,0.0,17.2,11.7,9.1
2025-04-26,Oxnard,,4.5,15.0,10.0,7.0
2025-04-27,Oxnard,,0.0,16.0,8.9,7.8
2025-04-28,Oxnard,,0.0,16.7,9.4,6.1
2025-04-29,Oxnard,,0.0,17.2,10.6,6.1
2025-05-01,Oxnard,,0.0,16.1,12.8,6.6
2025-05-02,Oxnard,,0.0,16.1,12.8,6.3
2025-05-03,Oxnard,,0.0,17.0,13.3,7.7
2025-05-04,Oxnard,,0.0,16.7,12.8,7.0
2025-05-05,Oxnard,,0.0,17.8,11.7,6.3
2025-05-06,Oxnard,,0.0,16.7,14.4,5.4
2025-05-07,Oxnard,,0.0,18.3,13.3,8.8
2025-05-08,Oxnard,,0.0,19.4,11.1,6.7
2025-05-09,Oxnard,,0.0,22.8,12.8,7.0
2025-05-10,Oxnard,,0.0,24.4,13.9,6.6
2025-05-11,Oxnard,,0.0,22.2,13.9,6.6
2025-05-12,Oxnard,,0.0,18.9,12.8,10.7
2025-05-13,Oxnard,,0.0,18.3,11.1,11.5
2025-05-14,Oxnard,,0.0,17.8,11.1,8.3
2025-05-15,Oxnard,,0.0,18.3,11.1,7.5
2025-05-16,Oxnard,,0.0,17.8,11.1,6.4
2025-05-17,Oxnard,,0.0,17.2,13.0,7.5
2025-05-18,Oxnard,,0.0,18.3,11.1,6.7
2025-05-19,Oxnard,,0.0,21.7,11.1,6.1
2025-05-20,Oxnard,,0.0,20.0,12.8,6.3
2025-05-21,Oxnard,,0.0,21.7,12.8,6.1
2025-05-22,Oxnard,,0.0,20.6,12.8,6.0
2025-05-23,Oxnard,,0.0,20.0,14.4,7.5
2025-05-24,Oxnard,,0.0,18.9,13.0,6.9
2025-05-25,Oxnard,,0.0,18.9,12.8,7.0
2025-05-26,Oxnard,,0.0,18.3,12.2,6.6
2025-05-27,Oxnard,,0.0,20.6,12.8,8.7
2025-05-28,Oxnard,,0.0,17.8,14.4,7.6
2025-05-29,Oxnard,,0.0,19.0,15.0,6.0
2025-05-30,Oxnard,,0.0,22.2,13.9,8.7
2025-06-01,Oxnard,,0.0,21.1,15.0,7.8
2025-06-02,Oxnard,,0.0,18.3,16.0,6.7
2025-06-03,Oxnard,,0.0,18.0,14.0,7.6
2025-06-04,Oxnard,,0.0,17.8,15.6,6.0
2025-06-05,Oxnard,,0.0,19.0,15.0,7.2
2025-06-06,Oxnard,,0.0,18.3,15.0,6.7
2025-06-07,Oxnard,,0.0,18.9,15.0,7.2
2025-06-08,Oxnard,,0.0,18.3,15.0,6.7
2025-06-09,Oxnard,,0.0,19.0,15.0,6.3
2025-06-10,Oxnard,,0.0,19.4,14.4,6.6
2025-06-11,Oxnard,,0.0,18.3,14.4,5.4
2025-06-12,Oxnard,,0.0,19.4,13.9,6.1
2025-06-13,Oxnard,,0.0,18.9,15.0,5.1
2025-06-14,Oxnard,,0.0,19.4,15.0,7.0
2025-06-15,Oxnard,,0.0,21.7,12.8,7.3
2025-06-16,Oxnard,,0.0,21.1,13.9,6.1
2025-06-17,Oxnard,,0.0,20.6,13.3,5.8
2025-06-18,Oxnard,,0.0,21.1,13.9,6.6
2025-06-19,Oxnard,,0.0,21.0,15.0,6.9
2025-06-20,Oxnard,,0.0,20.0,13.9,7.0
2025-06-21,Oxnard,,0.0,20.6,13.9,7.0
2025-06-22,Oxnard,,0.0,21.1,12.2,6.4
2025-06-23,Oxnard,,0.0,20.0,13.3,8.3
2025-06-24,Oxnard,,0.0,19.4,15.0,6.6
2025-06-25,Oxnard,,0.0,20.6,15.0,7.2
2025-06-26,Oxnard,,0.0,20.0,15.0,6.6
2025-06-27,Oxnard,,0.0,21.1,15.0,6.9
2025-06-28,Oxnard,,0.0,21.1,15.6,6.1
2025-06-29,Oxnard,,0.0,20.0,15.6,5.7
